municipality_code_ibge;municipality_name;year;month;estimated_population;rainfall_mm;average_temperature;average_humidity;dengue_cases
3106200;Belo Horizonte;2015;1;2415872;36.6;25.1;59.3;592
3106200;Belo Horizonte;2015;2;2415872;175.9;22.8;74.7;801
3106200;Belo Horizonte;2015;3;2415872;80.7;22.9;74.0;3920
3106200;Belo Horizonte;2015;4;2415872;46.3;21.3;74.7;8918
3106200;Belo Horizonte;2015;5;2415872;40.3;19.1;75.0;10646
3106200;Belo Horizonte;2015;6;2415872;7.1;18.5;71.2;3014
3106200;Belo Horizonte;2015;7;2415872;0.2;18.9;69.0;882
3106200;Belo Horizonte;2015;8;2415872;2.8;19.6;62.3;614
3106200;Belo Horizonte;2015;9;2415872;25.7;23.4;57.8;466
3106200;Belo Horizonte;2015;10;2415872;28.8;25.1;53.2;433
3106200;Belo Horizonte;2015;11;2415872;166.5;24.8;67.5;1256
3106200;Belo Horizonte;2015;12;2415872;102.4;23.8;73.5;3029
3106200;Belo Horizonte;2016;1;2415872;306.5;22.6;79.6;22677
3106200;Belo Horizonte;2016;2;2415872;43.3;23.9;72.3;52456
3106200;Belo Horizonte;2016;3;2415872;59.7;23.2;74.0;54111
3106200;Belo Horizonte;2016;4;2415872;47.8;23.1;66.0;42332
3106200;Belo Horizonte;2016;5;2415872;10.7;20.1;71.5;15246
3106200;Belo Horizonte;2016;6;2415872;12.4;18.1;72.7;1738
3106200;Belo Horizonte;2016;7;2415872;0.0;18.9;64.1;697
3106200;Belo Horizonte;2016;8;2415872;5.2;20.3;58.2;424
3106200;Belo Horizonte;2016;9;2415872;41.2;22.2;59.0;425
3106200;Belo Horizonte;2016;10;2415872;41.1;23.1;63.1;807
3106200;Belo Horizonte;2016;11;2415872;202.1;21.9;75.7;932
3106200;Belo Horizonte;2016;12;2415872;233.1;22.4;78.1;1822
3106200;Belo Horizonte;2017;1;2415872;62.4;23.6;68.7;2847
3106200;Belo Horizonte;2017;2;2415872;109.9;22.8;73.9;1758
3106200;Belo Horizonte;2017;3;2415872;68.8;22.5;71.5;1531
3106200;Belo Horizonte;2017;4;2415872;24.9;21.6;72.1;1225
3106200;Belo Horizonte;2017;5;2415872;48.7;19.3;76.9;664
3106200;Belo Horizonte;2017;6;2415872;11.4;18.4;72.7;440
3106200;Belo Horizonte;2017;7;2415872;1.4;16.3;69.0;298
3106200;Belo Horizonte;2017;8;2415872;0.6;19.2;60.7;342
3106200;Belo Horizonte;2017;9;2415872;10.3;19.9;58.2;571
3106200;Belo Horizonte;2017;10;2415872;45.5;22.9;61.0;966
3106200;Belo Horizonte;2017;11;2415872;138.8;21.3;77.8;746
3106200;Belo Horizonte;2017;12;2415872;177.9;22.5;78.7;841
3106200;Belo Horizonte;2017;12;2415872;177.9;22.5;78.7;268
3106200;Belo Horizonte;2018;1;2415872;127.8;23.5;68.8;1267
3106200;Belo Horizonte;2018;2;2415872;162.4;22.0;81.3;975
3106200;Belo Horizonte;2018;3;2415872;190.8;22.6;81.3;866
3106200;Belo Horizonte;2018;4;2415872;41.9;20.3;78.2;771
3106200;Belo Horizonte;2018;5;2415872;33.1;18.6;73.7;411
3106200;Belo Horizonte;2018;6;2415872;6.7;19.0;72.8;338
3106200;Belo Horizonte;2018;7;2415872;3.8;18.1;67.5;355
3106200;Belo Horizonte;2018;8;2415872;51.3;18.7;71.9;275
3106200;Belo Horizonte;2018;9;2415872;78.1;20.9;67.1;484
3106200;Belo Horizonte;2018;10;2415872;119.5;22.6;72.5;511
3106200;Belo Horizonte;2018;11;2415872;179.6;21.3;79.5;616
3106200;Belo Horizonte;2018;12;2415872;234.9;22.4;78.6;807
3106200;Belo Horizonte;2018;12;2415872;234.9;22.4;78.6;278
3106200;Belo Horizonte;2019;1;2415872;14.4;24.2;66.1;1624
3106200;Belo Horizonte;2019;2;2415872;134.2;23.7;74.8;3761
3106200;Belo Horizonte;2019;3;2415872;76.6;23.0;75.9;22227
3106200;Belo Horizonte;2019;4;2415872;33.8;22.6;73.4;50747
3106200;Belo Horizonte;2019;5;2415872;53.2;20.7;75.8;50832
3106200;Belo Horizonte;2019;6;2415872;0.7;18.5;69.5;16275
3106200;Belo Horizonte;2019;7;2415872;0.2;17.7;61.1;1621
3106200;Belo Horizonte;2019;8;2415872;8.1;19.5;62.3;636
3106200;Belo Horizonte;2019;9;2415872;50.0;22.8;57.0;653
3106200;Belo Horizonte;2019;10;2415872;65.9;23.5;61.1;523
3106200;Belo Horizonte;2019;11;2415872;185.1;23.0;74.5;557
3106200;Belo Horizonte;2019;12;2415872;234.0;22.6;77.7;727
3106200;Belo Horizonte;2019;12;2415872;234.0;22.6;77.7;176
3106200;Belo Horizonte;2020;1;2415872;374.5;23.3;81.8;1709
3106200;Belo Horizonte;2020;2;2415872;228.3;22.7;82.6;2968
3106200;Belo Horizonte;2020;3;2415872;200.8;21.5;80.6;5135
3106200;Belo Horizonte;2020;4;2415872;94.9;20.4;80.7;2617
3106200;Belo Horizonte;2020;5;2415872;39.7;17.7;76.1;2116
3106200;Belo Horizonte;2020;6;2415872;3.0;18.2;72.4;1795
3106200;Belo Horizonte;2020;7;2415872;2.3;18.6;69.6;1101
3106200;Belo Horizonte;2020;8;2415872;11.5;18.4;65.2;815
3106200;Belo Horizonte;2020;9;2415872;8.0;22.7;52.9;607
3106200;Belo Horizonte;2020;10;2415872;145.4;23.0;68.0;571
3106200;Belo Horizonte;2020;11;2415872;112.2;21.7;75.1;1106
3106200;Belo Horizonte;2020;12;2415872;177.8;22.7;76.5;765
3106200;Belo Horizonte;2021;1;2415872;111.0;23.1;69.7;1244
3106200;Belo Horizonte;2021;2;2415872;266.8;22.0;81.1;1008
3106200;Belo Horizonte;2021;3;2415872;65.5;22.3;74.9;1078
3106200;Belo Horizonte;2021;4;2415872;45.6;20.5;69.2;747
3106200;Belo Horizonte;2021;5;2415872;8.6;19.7;68.4;738
3106200;Belo Horizonte;2021;6;2415872;5.2;18.0;71.4;405
3106200;Belo Horizonte;2021;7;2415872;0.0;17.0;57.9;299
3106200;Belo Horizonte;2021;8;2415872;3.8;19.0;59.5;414
3106200;Belo Horizonte;2021;9;2415872;7.8;23.6;52.7;439
3106200;Belo Horizonte;2021;10;2415872;222.0;21.8;74.7;453
3106200;Belo Horizonte;2021;11;2415872;320.9;21.3;77.2;496
3106200;Belo Horizonte;2021;12;2415872;189.0;21.5;78.9;347
3106200;Belo Horizonte;2022;1;2415872;370.5;22.2;80.0;1187
3106200;Belo Horizonte;2022;2;2415872;331.8;21.7;84.4;843
3106200;Belo Horizonte;2022;3;2415872;5.9;22.9;68.0;1187
3106200;Belo Horizonte;2022;4;2415872;34.0;21.9;68.6;1585
3106200;Belo Horizonte;2022;5;2415872;9.6;18.4;67.2;1939
3106200;Belo Horizonte;2022;6;2415872;0.9;18.0;64.0;949
3106200;Belo Horizonte;2022;7;2415872;0.6;18.1;62.9;858
3106200;Belo Horizonte;2022;8;2415872;0.7;19.2;56.7;474
3106200;Belo Horizonte;2022;9;2415872;48.4;21.0;60.7;678
3106200;Belo Horizonte;2022;10;2415872;108.3;22.7;66.3;1042
3106200;Belo Horizonte;2022;11;2415872;193.2;20.6;75.0;964
3106200;Belo Horizonte;2022;12;2415872;307.4;21.3;81.7;819
3106200;Belo Horizonte;2023;1;2415872;386.7;21.5;83.8;3245
3106200;Belo Horizonte;2023;2;2415872;69.4;22.9;75.9;5487
3106200;Belo Horizonte;2023;3;2415872;32.2;23.2;67.1;12547
3106200;Belo Horizonte;2023;4;2415872;57.1;21.3;73.7;20371
3106200;Belo Horizonte;2023;5;2415872;3.4;18.7;70.4;10627
3106200;Belo Horizonte;2023;6;2415872;11.4;17.2;71.0;3721
3106200;Belo Horizonte;2023;7;2415872;3.4;18.2;66.2;1927
3106200;Belo Horizonte;2023;8;2415872;24.8;20.0;64.3;1281
3106200;Belo Horizonte;2023;9;2415872;25.2;22.5;62.9;1362
3106200;Belo Horizonte;2023;10;2415872;159.0;23.9;70.8;1943
3106200;Belo Horizonte;2023;11;2415872;100.6;24.8;62.5;1713
3106200;Belo Horizonte;2023;12;2415872;135.1;23.9;72.5;1767
3106200;Belo Horizonte;2023;12;2415872;135.1;23.9;72.5;3331
3106200;Belo Horizonte;2024;1;2415872;260.0;23.1;81.6;40617
3106200;Belo Horizonte;2024;2;2415872;178.7;22.7;80.0;103462
3106200;Belo Horizonte;2024;3;2415872;96.0;23.4;78.6;122453
3106200;Belo Horizonte;2024;4;2415872;20.2;21.9;72.8;43885
3106200;Belo Horizonte;2024;5;2415872;1.3;20.8;68.8;14182
3106200;Belo Horizonte;2024;6;2415872;0.0;18.5;64.4;4909
3106200;Belo Horizonte;2024;7;2415872;0.3;18.4;63.0;1074
3106200;Belo Horizonte;2024;8;2415872;0.2;19.9;54.5;984
3106200;Belo Horizonte;2024;9;2415872;1.6;23.7;46.6;1519
3106200;Belo Horizonte;2024;10;2415872;140.1;23.2;67.7;1426
3106200;Belo Horizonte;2024;11;2415872;172.0;22.0;76.7;2473
3106200;Belo Horizonte;2024;12;2415872;205.7;22.7;79.6;2498
3106200;Belo Horizonte;2024;12;2415872;205.7;22.7;79.6;650
3106200;Belo Horizonte;2025;1;2415872;266.4;23.1;79.1;4429
3106200;Belo Horizonte;2025;2;2415872;21.4;24.0;64.9;5095
3106200;Belo Horizonte;2025;3;2415872;95.0;23.4;72.0;5605
3106200;Belo Horizonte;2025;4;2415872;90.7;21.4;79.5;3869
3106200;Belo Horizonte;2025;5;2415872;3.7;18.8;75.1;2530
3106200;Belo Horizonte;2025;6;2415872;4.6;18.0;70.7;1258
3106200;Belo Horizonte;2025;7;2415872;7.7;17.2;65.0;797
3106200;Belo Horizonte;2025;8;2415872;14.8;18.7;61.7;1028
3106200;Belo Horizonte;2025;9;2415872;16.5;21.1;59.8;1027
3106200;Belo Horizonte;2025;10;2415872;89.1;21.7;63.8;635
3106200;Belo Horizonte;2025;11;2415872;149.1;22.4;73.5;20
3118601;Contagem;2015;1;651718;61.6;24.4;58.2;91
3118601;Contagem;2015;2;651718;197.9;22.2;74.5;224
3118601;Contagem;2015;3;651718;107.9;22.1;75.2;1551
3118601;Contagem;2015;4;651718;59.2;20.5;76.3;4139
3118601;Contagem;2015;5;651718;50.9;18.3;76.7;5943
3118601;Contagem;2015;6;651718;8.8;17.7;72.5;1609
3118601;Contagem;2015;7;651718;0.8;18.4;67.7;335
3118601;Contagem;2015;8;651718;1.7;19.2;59.8;102
3118601;Contagem;2015;9;651718;46.2;22.6;58.6;92
3118601;Contagem;2015;10;651718;32.0;24.6;52.2;72
3118601;Contagem;2015;11;651718;175.0;24.0;68.0;141
3118601;Contagem;2015;12;651718;141.0;23.1;74.1;348
3118601;Contagem;2016;1;651718;399.0;21.9;80.2;4463
3118601;Contagem;2016;2;651718;82.0;23.5;70.1;11848
3118601;Contagem;2016;3;651718;95.0;22.6;73.8;12922
3118601;Contagem;2016;4;651718;45.7;22.5;64.3;10607
3118601;Contagem;2016;5;651718;9.9;19.2;73.4;3350
3118601;Contagem;2016;6;651718;20.9;17.3;73.9;652
3118601;Contagem;2016;7;651718;0.4;18.3;62.8;174
3118601;Contagem;2016;8;651718;5.9;19.8;57.0;69
3118601;Contagem;2016;9;651718;42.1;21.5;58.9;52
3118601;Contagem;2016;10;651718;49.1;22.5;63.0;64
3118601;Contagem;2016;11;651718;210.2;21.2;76.0;50
3118601;Contagem;2016;12;651718;280.0;22.0;76.7;177
3118601;Contagem;2017;1;651718;55.2;23.6;66.1;241
3118601;Contagem;2017;2;651718;118.5;22.4;73.4;284
3118601;Contagem;2017;3;651718;75.4;22.3;69.8;317
3118601;Contagem;2017;4;651718;20.8;21.4;70.5;335
3118601;Contagem;2017;5;651718;41.9;19.3;74.4;164
3118601;Contagem;2017;6;651718;17.0;18.7;68.8;69
3118601;Contagem;2017;7;651718;1.3;16.7;63.6;54
3118601;Contagem;2017;8;651718;0.8;19.6;55.6;46
3118601;Contagem;2017;9;651718;7.5;20.0;55.0;62
3118601;Contagem;2017;10;651718;62.4;22.7;60.2;74
3118601;Contagem;2017;11;651718;147.5;20.7;78.0;110
3118601;Contagem;2017;12;651718;188.0;22.1;78.2;100
3118601;Contagem;2017;12;651718;188.0;22.1;78.2;25
3118601;Contagem;2018;1;651718;160.5;23.1;68.2;112
3118601;Contagem;2018;2;651718;163.1;21.7;80.0;74
3118601;Contagem;2018;3;651718;179.8;22.4;79.0;106
3118601;Contagem;2018;4;651718;52.6;20.3;75.7;104
3118601;Contagem;2018;5;651718;41.6;18.9;69.5;78
3118601;Contagem;2018;6;651718;6.3;19.2;69.1;68
3118601;Contagem;2018;7;651718;3.4;18.9;60.4;52
3118601;Contagem;2018;8;651718;38.8;19.0;67.8;32
3118601;Contagem;2018;9;651718;65.6;21.1;63.5;66
3118601;Contagem;2018;10;651718;108.6;22.2;71.9;73
3118601;Contagem;2018;11;651718;191.1;20.7;79.5;125
3118601;Contagem;2018;12;651718;200.2;22.1;76.8;173
3118601;Contagem;2018;12;651718;200.2;22.1;76.8;44
3118601;Contagem;2019;1;651718;25.3;24.1;63.6;487
3118601;Contagem;2019;2;651718;146.5;23.5;72.9;2631
3118601;Contagem;2019;3;651718;91.9;22.6;75.5;13534
3118601;Contagem;2019;4;651718;34.3;22.4;72.1;18865
3118601;Contagem;2019;5;651718;51.2;20.9;72.7;14309
3118601;Contagem;2019;6;651718;0.5;18.9;65.0;5321
3118601;Contagem;2019;7;651718;0.2;18.1;57.5;412
3118601;Contagem;2019;8;651718;7.1;19.6;58.9;478
3118601;Contagem;2019;9;651718;52.7;22.7;55.2;803
3118601;Contagem;2019;10;651718;81.4;23.0;61.2;302
3118601;Contagem;2019;11;651718;198.7;22.6;74.0;145
3118601;Contagem;2019;12;651718;181.8;22.2;76.7;71
3118601;Contagem;2019;12;651718;181.8;22.2;76.7;15
3118601;Contagem;2020;1;651718;324.1;22.9;80.7;256
3118601;Contagem;2020;2;651718;225.0;22.2;81.8;479
3118601;Contagem;2020;3;651718;183.3;21.2;79.0;807
3118601;Contagem;2020;4;651718;89.4;20.3;78.1;320
3118601;Contagem;2020;5;651718;46.8;17.8;73.0;290
3118601;Contagem;2020;6;651718;5.2;18.7;67.7;264
3118601;Contagem;2020;7;651718;0.8;18.7;66.9;187
3118601;Contagem;2020;8;651718;12.7;18.5;61.9;141
3118601;Contagem;2020;9;651718;7.3;22.7;50.4;113
3118601;Contagem;2020;10;651718;166.2;22.5;68.0;103
3118601;Contagem;2020;11;651718;114.6;21.1;75.6;166
3118601;Contagem;2020;12;651718;196.6;22.2;76.9;157
3118601;Contagem;2021;1;651718;102.0;22.7;69.1;143
3118601;Contagem;2021;2;651718;261.5;21.7;79.9;130
3118601;Contagem;2021;3;651718;66.7;22.2;72.2;155
3118601;Contagem;2021;4;651718;29.2;20.7;65.3;97
3118601;Contagem;2021;5;651718;4.5;20.0;64.6;107
3118601;Contagem;2021;6;651718;5.2;18.3;67.9;46
3118601;Contagem;2021;7;651718;0.0;17.4;53.3;45
3118601;Contagem;2021;8;651718;2.0;19.1;56.4;50
3118601;Contagem;2021;9;651718;3.1;23.5;50.6;62
3118601;Contagem;2021;10;651718;196.4;21.2;75.1;105
3118601;Contagem;2021;11;651718;297.7;20.8;77.2;58
3118601;Contagem;2021;12;651718;190.4;21.0;78.6;45
3118601;Contagem;2022;1;651718;435.9;21.7;79.4;258
3118601;Contagem;2022;2;651718;339.5;21.3;83.2;150
3118601;Contagem;2022;3;651718;6.2;23.2;63.1;205
3118601;Contagem;2022;4;651718;36.3;22.2;64.5;304
3118601;Contagem;2022;5;651718;29.4;18.3;65.5;426
3118601;Contagem;2022;6;651718;0.7;18.3;59.9;244
3118601;Contagem;2022;7;651718;0.3;18.5;58.1;156
3118601;Contagem;2022;8;651718;0.0;19.2;53.7;98
3118601;Contagem;2022;9;651718;42.2;20.7;59.5;107
3118601;Contagem;2022;10;651718;102.6;22.2;66.5;183
3118601;Contagem;2022;11;651718;233.8;20.1;75.4;160
3118601;Contagem;2022;12;651718;316.0;20.7;81.8;107
3118601;Contagem;2023;1;651718;395.6;21.1;82.9;476
3118601;Contagem;2023;2;651718;58.6;22.9;72.7;1084
3118601;Contagem;2023;3;651718;37.1;23.3;63.9;4611
3118601;Contagem;2023;4;651718;56.6;21.0;72.7;8312
3118601;Contagem;2023;5;651718;1.6;19.1;65.3;3688
3118601;Contagem;2023;6;651718;10.8;17.8;64.6;1292
3118601;Contagem;2023;7;651718;6.0;18.8;60.3;484
3118601;Contagem;2023;8;651718;31.3;20.5;59.5;235
3118601;Contagem;2023;9;651718;24.7;22.7;59.0;215
3118601;Contagem;2023;10;651718;139.6;23.3;71.2;425
3118601;Contagem;2023;11;651718;94.4;24.5;62.1;305
3118601;Contagem;2023;12;651718;134.5;23.5;71.7;263
3118601;Contagem;2023;12;651718;134.5;23.5;71.7;682
3118601;Contagem;2024;1;651718;245.3;22.7;80.2;10127
3118601;Contagem;2024;2;651718;171.6;22.4;77.9;32392
3118601;Contagem;2024;3;651718;103.3;23.3;76.4;37844
3118601;Contagem;2024;4;651718;25.3;22.0;69.3;13742
3118601;Contagem;2024;5;651718;0.5;21.7;60.6;3693
3118601;Contagem;2024;6;651718;0.0;19.8;55.0;1214
3118601;Contagem;2024;7;651718;0.7;19.6;53.6;289
3118601;Contagem;2024;8;651718;0.2;20.6;48.9;180
3118601;Contagem;2024;9;651718;0.7;23.8;43.4;310
3118601;Contagem;2024;10;651718;152.1;22.8;67.2;220
3118601;Contagem;2024;11;651718;121.5;21.6;75.9;493
3118601;Contagem;2024;12;651718;205.1;22.5;76.9;557
3118601;Contagem;2024;12;651718;205.1;22.5;76.9;134
3118601;Contagem;2025;1;651718;226.8;22.8;77.5;1185
3118601;Contagem;2025;2;651718;26.5;24.6;57.9;1432
3118601;Contagem;2025;3;651718;64.7;23.7;66.4;1662
3118601;Contagem;2025;4;651718;96.7;21.6;75.1;1154
3118601;Contagem;2025;5;651718;2.8;19.8;65.4;732
3118601;Contagem;2025;6;651718;3.9;19.1;61.4;360
3118601;Contagem;2025;7;651718;11.4;18.4;55.2;209
3118601;Contagem;2025;8;651718;13.7;19.6;53.6;276
3118601;Contagem;2025;9;651718;14.3;21.4;55.4;278
3118601;Contagem;2025;10;651718;98.6;21.7;60.2;294
3118601;Contagem;2025;11;651718;141.6;22.0;72.2;31
3127701;Governador Valadares;2015;1;266561;1.0;29.1;51.7;55
3127701;Governador Valadares;2015;2;266561;114.9;27.5;65.9;58
3127701;Governador Valadares;2015;3;266561;49.3;27.5;65.2;105
3127701;Governador Valadares;2015;4;266561;36.8;26.0;65.8;121
3127701;Governador Valadares;2015;5;266561;22.3;23.6;69.8;343
3127701;Governador Valadares;2015;6;266561;11.2;22.9;69.0;196
3127701;Governador Valadares;2015;7;266561;3.9;22.7;68.6;133
3127701;Governador Valadares;2015;8;266561;3.3;23.3;60.7;120
3127701;Governador Valadares;2015;9;266561;1.4;27.5;50.8;64
3127701;Governador Valadares;2015;10;266561;16.2;28.0;52.6;64
3127701;Governador Valadares;2015;11;266561;133.5;28.7;60.8;87
3127701;Governador Valadares;2015;12;266561;64.6;28.9;59.9;202
3127701;Governador Valadares;2016;1;266561;381.6;26.7;74.1;1016
3127701;Governador Valadares;2016;2;266561;13.7;28.4;62.8;1038
3127701;Governador Valadares;2016;3;266561;22.1;28.4;61.9;250
3127701;Governador Valadares;2016;4;266561;39.9;27.7;59.7;91
3127701;Governador Valadares;2016;5;266561;14.5;24.2;68.9;32
3127701;Governador Valadares;2016;6;266561;17.8;22.7;68.0;5
3127701;Governador Valadares;2016;7;266561;2.7;22.6;63.7;18
3127701;Governador Valadares;2016;8;266561;6.4;24.1;58.3;12
3127701;Governador Valadares;2016;9;266561;13.5;25.7;56.8;6
3127701;Governador Valadares;2016;10;266561;51.6;26.0;62.1;31
3127701;Governador Valadares;2016;11;266561;287.6;25.4;71.8;42
3127701;Governador Valadares;2016;12;266561;110.1;26.4;73.1;87
3127701;Governador Valadares;2017;1;266561;43.2;28.0;62.8;968
3127701;Governador Valadares;2017;2;266561;142.7;26.6;72.9;1563
3127701;Governador Valadares;2017;3;266561;133.4;27.5;64.9;704
3127701;Governador Valadares;2017;4;266561;35.5;25.3;72.0;146
3127701;Governador Valadares;2017;5;266561;52.4;23.7;72.6;56
3127701;Governador Valadares;2017;6;266561;11.1;23.2;69.8;9
3127701;Governador Valadares;2017;7;266561;14.7;20.6;70.2;5
3127701;Governador Valadares;2017;8;266561;3.6;21.8;63.5;3
3127701;Governador Valadares;2017;9;266561;9.3;23.1;63.0;10
3127701;Governador Valadares;2017;10;266561;40.3;26.8;58.7;10
3127701;Governador Valadares;2017;11;266561;135.8;25.0;74.9;22
3127701;Governador Valadares;2017;12;266561;200.2;25.8;77.6;34
3127701;Governador Valadares;2017;12;266561;200.2;25.8;77.6;10
3127701;Governador Valadares;2018;1;266561;124.8;27.4;67.8;40
3127701;Governador Valadares;2018;2;266561;216.8;25.9;78.5;45
3127701;Governador Valadares;2018;3;266561;131.7;26.5;78.1;40
3127701;Governador Valadares;2018;4;266561;105.2;23.9;80.1;21
3127701;Governador Valadares;2018;5;266561;33.1;22.6;76.1;19
3127701;Governador Valadares;2018;6;266561;12.0;22.4;76.1;20
3127701;Governador Valadares;2018;7;266561;5.6;22.2;68.1;13
3127701;Governador Valadares;2018;8;266561;26.6;23.5;68.6;16
3127701;Governador Valadares;2018;9;266561;8.5;25.3;61.6;22
3127701;Governador Valadares;2018;10;266561;66.1;26.6;64.6;14
3127701;Governador Valadares;2018;11;266561;142.4;25.2;75.7;18
3127701;Governador Valadares;2018;12;266561;291.8;26.0;76.5;14
3127701;Governador Valadares;2018;12;266561;291.8;26.0;76.5;14
3127701;Governador Valadares;2019;1;266561;7.2;28.1;62.8;24
3127701;Governador Valadares;2019;2;266561;90.0;28.4;67.9;20
3127701;Governador Valadares;2019;3;266561;73.9;27.5;70.1;73
3127701;Governador Valadares;2019;4;266561;41.2;26.6;74.4;116
3127701;Governador Valadares;2019;5;266561;38.8;25.0;73.5;266
3127701;Governador Valadares;2019;6;266561;10.1;23.1;70.2;162
3127701;Governador Valadares;2019;7;266561;3.2;22.0;64.1;86
3127701;Governador Valadares;2019;8;266561;17.3;23.1;62.7;53
3127701;Governador Valadares;2019;9;266561;18.5;25.4;58.4;88
3127701;Governador Valadares;2019;10;266561;22.8;26.6;60.9;51
3127701;Governador Valadares;2019;11;266561;144.8;26.7;68.4;34
3127701;Governador Valadares;2019;12;266561;189.1;26.8;69.3;85
3127701;Governador Valadares;2019;12;266561;189.1;26.8;69.3;24
3127701;Governador Valadares;2020;1;266561;333.8;27.4;73.7;162
3127701;Governador Valadares;2020;2;266561;130.5;27.0;75.8;257
3127701;Governador Valadares;2020;3;266561;225.3;24.8;80.4;252
3127701;Governador Valadares;2020;4;266561;48.5;24.5;76.6;408
3127701;Governador Valadares;2020;5;266561;67.4;22.0;76.5;489
3127701;Governador Valadares;2020;6;266561;8.2;21.4;76.8;248
3127701;Governador Valadares;2020;7;266561;26.0;21.7;73.5;121
3127701;Governador Valadares;2020;8;266561;27.6;21.6;72.3;81
3127701;Governador Valadares;2020;9;266561;8.0;25.7;57.8;63
3127701;Governador Valadares;2020;10;266561;194.3;26.3;68.3;45
3127701;Governador Valadares;2020;11;266561;108.8;24.8;76.4;55
3127701;Governador Valadares;2020;12;266561;106.1;26.5;72.7;27
3127701;Governador Valadares;2021;1;266561;33.9;27.8;60.6;51
3127701;Governador Valadares;2021;2;266561;322.8;26.1;76.2;98
3127701;Governador Valadares;2021;3;266561;53.3;26.2;72.2;247
3127701;Governador Valadares;2021;4;266561;57.0;24.6;70.7;317
3127701;Governador Valadares;2021;5;266561;3.7;23.8;66.4;451
3127701;Governador Valadares;2021;6;266561;8.3;22.2;68.9;174
3127701;Governador Valadares;2021;7;266561;3.1;21.5;61.4;77
3127701;Governador Valadares;2021;8;266561;10.3;22.8;61.9;66
3127701;Governador Valadares;2021;9;266561;7.9;26.3;56.8;39
3127701;Governador Valadares;2021;10;266561;171.6;25.3;71.8;22
3127701;Governador Valadares;2021;11;266561;143.4;24.6;75.5;33
3127701;Governador Valadares;2021;12;266561;322.9;24.9;79.2;52
3127701;Governador Valadares;2022;1;266561;146.0;26.4;74.0;151
3127701;Governador Valadares;2022;2;266561;319.9;25.7;80.9;109
3127701;Governador Valadares;2022;3;266561;21.0;26.6;69.9;231
3127701;Governador Valadares;2022;4;266561;28.1;26.3;66.4;220
3127701;Governador Valadares;2022;5;266561;20.1;23.2;66.2;182
3127701;Governador Valadares;2022;6;266561;4.1;21.3;67.5;142
3127701;Governador Valadares;2022;7;266561;7.8;22.1;68.8;122
3127701;Governador Valadares;2022;8;266561;4.0;23.0;57.4;60
3127701;Governador Valadares;2022;9;266561;21.1;24.0;62.1;57
3127701;Governador Valadares;2022;10;266561;115.7;26.0;66.4;139
3127701;Governador Valadares;2022;11;266561;354.6;24.1;76.2;133
3127701;Governador Valadares;2022;12;266561;358.7;24.7;81.3;111
3127701;Governador Valadares;2023;1;266561;404.6;25.6;80.6;631
3127701;Governador Valadares;2023;2;266561;31.4;27.1;70.0;1201
3127701;Governador Valadares;2023;3;266561;34.4;27.4;64.6;1161
3127701;Governador Valadares;2023;4;266561;160.6;25.5;73.4;961
3127701;Governador Valadares;2023;5;266561;27.9;22.2;76.3;602
3127701;Governador Valadares;2023;6;266561;9.7;21.4;73.5;382
3127701;Governador Valadares;2023;7;266561;28.8;21.7;69.6;233
3127701;Governador Valadares;2023;8;266561;48.5;23.1;70.5;82
3127701;Governador Valadares;2023;9;266561;22.9;25.0;66.3;47
3127701;Governador Valadares;2023;10;266561;43.7;27.5;62.7;106
3127701;Governador Valadares;2023;11;266561;14.7;29.2;54.0;77
3127701;Governador Valadares;2023;12;266561;103.1;28.7;61.9;46
3127701;Governador Valadares;2023;12;266561;103.1;28.7;61.9;56
3127701;Governador Valadares;2024;1;266561;278.4;26.9;76.2;820
3127701;Governador Valadares;2024;2;266561;244.5;26.2;79.3;4104
3127701;Governador Valadares;2024;3;266561;161.7;27.3;74.4;5075
3127701;Governador Valadares;2024;4;266561;17.1;26.3;69.2;943
3127701;Governador Valadares;2024;5;266561;17.3;25.1;68.7;353
3127701;Governador Valadares;2024;6;266561;9.8;23.0;68.1;186
3127701;Governador Valadares;2024;7;266561;4.7;23.3;61.8;165
3127701;Governador Valadares;2024;8;266561;12.4;23.8;58.3;197
3127701;Governador Valadares;2024;9;266561;3.1;26.6;52.9;389
3127701;Governador Valadares;2024;10;266561;184.2;26.3;67.2;275
3127701;Governador Valadares;2024;11;266561;206.9;25.3;76.3;135
3127701;Governador Valadares;2024;12;266561;209.5;26.0;80.5;125
3127701;Governador Valadares;2024;12;266561;209.5;26.0;80.5;31
3127701;Governador Valadares;2025;1;266561;354.0;26.1;79.7;237
3127701;Governador Valadares;2025;2;266561;25.1;28.6;60.3;218
3127701;Governador Valadares;2025;3;266561;89.8;27.8;65.8;333
3127701;Governador Valadares;2025;4;266561;121.5;26.2;71.2;232
3127701;Governador Valadares;2025;5;266561;24.5;23.6;74.5;387
3127701;Governador Valadares;2025;6;266561;15.9;22.1;73.2;139
3127701;Governador Valadares;2025;7;266561;5.9;21.6;66.9;37
3127701;Governador Valadares;2025;8;266561;6.5;22.9;61.4;68
3127701;Governador Valadares;2025;9;266561;34.4;24.7;57.9;218
3127701;Governador Valadares;2025;10;266561;147.0;25.6;60.4;143
3127701;Governador Valadares;2025;11;266561;101.9;25.3;72.6;1
3136702;Juiz de Fora;2015;1;567730;151.7;24.1;72.4;18
3136702;Juiz de Fora;2015;2;567730;224.6;22.9;79.4;60
3136702;Juiz de Fora;2015;3;567730;223.0;22.2;82.3;554
3136702;Juiz de Fora;2015;4;567730;29.2;20.5;80.2;1955
3136702;Juiz de Fora;2015;5;567730;56.5;18.2;82.1;1539
3136702;Juiz de Fora;2015;6;567730;19.2;17.1;81.0;251
3136702;Juiz de Fora;2015;7;567730;52.7;17.9;79.2;54
3136702;Juiz de Fora;2015;8;567730;16.1;18.1;73.7;23
3136702;Juiz de Fora;2015;9;567730;126.9;20.7;75.5;29
3136702;Juiz de Fora;2015;10;567730;82.4;22.2;71.9;24
3136702;Juiz de Fora;2015;11;567730;332.3;23.0;82.5;107
3136702;Juiz de Fora;2015;12;567730;333.9;23.2;80.7;361
3136702;Juiz de Fora;2016;1;567730;345.6;22.5;82.1;3975
3136702;Juiz de Fora;2016;2;567730;234.7;24.0;77.7;10568
3136702;Juiz de Fora;2016;3;567730;140.5;22.8;81.0;9595
3136702;Juiz de Fora;2016;4;567730;49.2;22.1;75.3;8000
3136702;Juiz de Fora;2016;5;567730;18.6;18.6;80.0;2413
3136702;Juiz de Fora;2016;6;567730;62.5;16.3;82.4;88
3136702;Juiz de Fora;2016;7;567730;5.4;17.0;75.7;37
3136702;Juiz de Fora;2016;8;567730;23.7;18.4;71.1;22
3136702;Juiz de Fora;2016;9;567730;69.0;19.9;72.7;14
3136702;Juiz de Fora;2016;10;567730;111.1;20.2;79.6;30
3136702;Juiz de Fora;2016;11;567730;346.2;20.8;81.0;48
3136702;Juiz de Fora;2016;12;567730;290.5;22.9;78.0;164
3136702;Juiz de Fora;2017;1;567730;127.0;23.6;77.5;66
3136702;Juiz de Fora;2017;2;567730;134.8;22.8;78.2;47
3136702;Juiz de Fora;2017;3;567730;152.6;21.6;80.4;28
3136702;Juiz de Fora;2017;4;567730;40.6;20.0;82.7;23
3136702;Juiz de Fora;2017;5;567730;77.9;18.1;83.9;10
3136702;Juiz de Fora;2017;6;567730;27.8;17.7;80.5;5
3136702;Juiz de Fora;2017;7;567730;5.8;15.6;79.8;5
3136702;Juiz de Fora;2017;8;567730;18.5;16.9;77.1;6
3136702;Juiz de Fora;2017;9;567730;11.5;19.3;67.9;15
3136702;Juiz de Fora;2017;10;567730;78.4;21.8;71.1;25
3136702;Juiz de Fora;2017;11;567730;165.7;20.5;78.5;15
3136702;Juiz de Fora;2017;12;567730;189.6;22.0;82.3;26
3136702;Juiz de Fora;2017;12;567730;189.6;22.0;82.3;10
3136702;Juiz de Fora;2018;1;567730;143.5;22.9;78.9;32
3136702;Juiz de Fora;2018;2;567730;185.5;21.9;83.3;23
3136702;Juiz de Fora;2018;3;567730;176.5;22.8;83.4;40
3136702;Juiz de Fora;2018;4;567730;75.5;20.1;83.2;50
3136702;Juiz de Fora;2018;5;567730;29.3;18.3;81.2;22
3136702;Juiz de Fora;2018;6;567730;16.9;18.3;80.6;9
3136702;Juiz de Fora;2018;7;567730;20.0;17.7;75.9;7
3136702;Juiz de Fora;2018;8;567730;76.7;17.1;82.5;3
3136702;Juiz de Fora;2018;9;567730;54.3;19.4;78.6;13
3136702;Juiz de Fora;2018;10;567730;108.9;20.5;82.9;11
3136702;Juiz de Fora;2018;11;567730;275.7;20.5;84.7;11
3136702;Juiz de Fora;2018;12;567730;167.1;22.3;80.2;27
3136702;Juiz de Fora;2018;12;567730;167.1;22.3;80.2;7
3136702;Juiz de Fora;2019;1;567730;64.4;24.6;73.1;89
3136702;Juiz de Fora;2019;2;567730;173.2;23.3;79.4;236
3136702;Juiz de Fora;2019;3;567730;151.7;22.4;83.6;1160
3136702;Juiz de Fora;2019;4;567730;49.1;21.8;81.7;2070
3136702;Juiz de Fora;2019;5;567730;49.2;20.1;81.0;3187
3136702;Juiz de Fora;2019;6;567730;4.5;18.2;79.3;1065
3136702;Juiz de Fora;2019;7;567730;8.6;16.6;74.2;88
3136702;Juiz de Fora;2019;8;567730;25.7;17.3;76.3;27
3136702;Juiz de Fora;2019;9;567730;57.0;20.5;71.5;24
3136702;Juiz de Fora;2019;10;567730;87.5;21.1;78.7;33
3136702;Juiz de Fora;2019;11;567730;160.2;21.1;82.4;17
3136702;Juiz de Fora;2019;12;567730;150.2;22.0;81.7;26
3136702;Juiz de Fora;2019;12;567730;150.2;22.0;81.7;6
3136702;Juiz de Fora;2020;1;567730;246.4;22.9;83.3;40
3136702;Juiz de Fora;2020;2;567730;332.4;22.2;85.1;49
3136702;Juiz de Fora;2020;3;567730;157.6;21.0;83.8;50
3136702;Juiz de Fora;2020;4;567730;53.1;19.6;82.6;40
3136702;Juiz de Fora;2020;5;567730;38.0;17.5;77.5;28
3136702;Juiz de Fora;2020;6;567730;14.2;18.3;78.0;18
3136702;Juiz de Fora;2020;7;567730;16.6;18.1;76.4;20
3136702;Juiz de Fora;2020;8;567730;22.8;17.7;74.2;13
3136702;Juiz de Fora;2020;9;567730;34.5;21.6;66.0;17
3136702;Juiz de Fora;2020;10;567730;75.2;21.0;78.9;14
3136702;Juiz de Fora;2020;11;567730;221.6;20.5;83.3;20
3136702;Juiz de Fora;2020;12;567730;296.1;22.5;83.1;14
3136702;Juiz de Fora;2021;1;567730;202.0;23.1;76.0;22
3136702;Juiz de Fora;2021;2;567730;296.8;22.1;82.5;20
3136702;Juiz de Fora;2021;3;567730;114.0;22.5;79.3;25
3136702;Juiz de Fora;2021;4;567730;70.4;19.2;79.9;12
3136702;Juiz de Fora;2021;5;567730;29.8;18.4;79.1;28
3136702;Juiz de Fora;2021;6;567730;18.0;16.7;83.0;12
3136702;Juiz de Fora;2021;7;567730;8.1;15.3;73.5;3
3136702;Juiz de Fora;2021;8;567730;25.4;17.9;72.7;9
3136702;Juiz de Fora;2021;9;567730;18.3;20.9;72.3;9
3136702;Juiz de Fora;2021;10;567730;236.9;19.5;84.6;4
3136702;Juiz de Fora;2021;11;567730;207.3;19.9;80.4;10
3136702;Juiz de Fora;2021;12;567730;357.6;20.7;84.6;1
3136702;Juiz de Fora;2022;1;567730;285.6;22.4;81.9;23
3136702;Juiz de Fora;2022;2;567730;385.5;21.8;85.6;7
3136702;Juiz de Fora;2022;3;567730;43.5;22.9;73.8;31
3136702;Juiz de Fora;2022;4;567730;65.1;20.6;80.2;46
3136702;Juiz de Fora;2022;5;567730;29.3;17.8;74.6;53
3136702;Juiz de Fora;2022;6;567730;10.5;16.7;78.0;16
3136702;Juiz de Fora;2022;7;567730;5.3;17.5;72.7;3
3136702;Juiz de Fora;2022;8;567730;11.2;17.3;72.2;8
3136702;Juiz de Fora;2022;9;567730;100.3;18.0;76.0;5
3136702;Juiz de Fora;2022;10;567730;128.3;21.0;79.4;13
3136702;Juiz de Fora;2022;11;567730;217.5;19.3;83.3;12
3136702;Juiz de Fora;2022;12;567730;257.0;20.9;84.3;12
3136702;Juiz de Fora;2023;1;567730;306.7;21.8;84.4;51
3136702;Juiz de Fora;2023;2;567730;202.5;23.0;81.0;133
3136702;Juiz de Fora;2023;3;567730;63.8;22.5;79.2;414
3136702;Juiz de Fora;2023;4;567730;88.9;20.1;81.9;1004
3136702;Juiz de Fora;2023;5;567730;15.2;17.9;81.0;561
3136702;Juiz de Fora;2023;6;567730;19.6;17.0;74.9;166
3136702;Juiz de Fora;2023;7;567730;12.6;16.8;78.3;49
3136702;Juiz de Fora;2023;8;567730;50.9;18.7;74.8;34
3136702;Juiz de Fora;2023;9;567730;24.1;21.1;70.7;44
3136702;Juiz de Fora;2023;10;567730;187.2;22.0;81.5;63
3136702;Juiz de Fora;2023;11;567730;108.1;23.2;73.9;87
3136702;Juiz de Fora;2023;12;567730;97.6;23.0;78.7;118
3136702;Juiz de Fora;2023;12;567730;97.6;23.0;78.7;145
3136702;Juiz de Fora;2024;1;567730;225.7;22.8;83.3;1303
3136702;Juiz de Fora;2024;2;567730;241.4;22.8;83.2;3798
3136702;Juiz de Fora;2024;3;567730;188.3;22.7;83.7;6749
3136702;Juiz de Fora;2024;4;567730;14.4;21.3;78.7;6678
3136702;Juiz de Fora;2024;5;567730;10.8;20.5;74.9;5329
3136702;Juiz de Fora;2024;6;567730;2.0;18.2;73.6;1309
3136702;Juiz de Fora;2024;7;567730;6.0;17.6;74.6;229
3136702;Juiz de Fora;2024;8;567730;22.6;17.8;68.6;64
3136702;Juiz de Fora;2024;9;567730;19.8;21.4;66.2;77
3136702;Juiz de Fora;2024;10;567730;114.8;20.9;77.5;34
3136702;Juiz de Fora;2024;11;567730;222.9;21.1;81.4;46
3136702;Juiz de Fora;2024;12;567730;205.2;22.3;83.3;65
3136702;Juiz de Fora;2024;12;567730;205.2;22.3;83.3;20
3136702;Juiz de Fora;2025;1;567730;240.6;22.7;82.9;217
3136702;Juiz de Fora;2025;2;567730;17.3;24.4;69.7;495
3136702;Juiz de Fora;2025;3;567730;158.2;22.5;81.6;1269
3136702;Juiz de Fora;2025;4;567730;92.1;20.3;85.2;1164
3136702;Juiz de Fora;2025;5;567730;15.4;18.4;80.9;865
3136702;Juiz de Fora;2025;6;567730;11.5;17.2;79.8;487
3136702;Juiz de Fora;2025;7;567730;17.7;15.8;77.5;85
3136702;Juiz de Fora;2025;8;567730;17.6;17.2;75.7;66
3136702;Juiz de Fora;2025;9;567730;37.6;18.7;75.7;64
3136702;Juiz de Fora;2025;10;567730;71.8;19.9;74.6;26
3136702;Juiz de Fora;2025;11;567730;71.0;20.7;78.8;0
3143302;Montes Claros;2015;1;437601;3.2;27.6;45.0;20
3143302;Montes Claros;2015;2;437601;141.1;25.1;64.4;20
3143302;Montes Claros;2015;3;437601;69.2;25.5;64.3;139
3143302;Montes Claros;2015;4;437601;33.8;24.8;64.7;312
3143302;Montes Claros;2015;5;437601;3.7;22.9;62.3;686
3143302;Montes Claros;2015;6;437601;0.6;22.2;58.4;314
3143302;Montes Claros;2015;7;437601;0.8;22.5;54.8;88
3143302;Montes Claros;2015;8;437601;0.9;22.8;50.0;41
3143302;Montes Claros;2015;9;437601;0.2;27.8;35.0;19
3143302;Montes Claros;2015;10;437601;18.3;28.2;40.1;14
3143302;Montes Claros;2015;11;437601;79.6;27.7;54.3;66
3143302;Montes Claros;2015;12;437601;25.1;27.8;50.8;133
3143302;Montes Claros;2016;1;437601;286.4;23.9;79.9;952
3143302;Montes Claros;2016;2;437601;7.0;26.5;58.2;1359
3143302;Montes Claros;2016;3;437601;16.0;26.8;55.7;502
3143302;Montes Claros;2016;4;437601;0.6;26.8;48.3;97
3143302;Montes Claros;2016;5;437601;0.4;24.5;53.7;6
3143302;Montes Claros;2016;6;437601;2.6;22.6;55.1;4
3143302;Montes Claros;2016;7;437601;1.0;22.7;51.3;6
3143302;Montes Claros;2016;8;437601;4.0;24.0;48.7;6
3143302;Montes Claros;2016;9;437601;9.5;26.1;43.1;6
3143302;Montes Claros;2016;10;437601;79.1;25.8;54.9;20
3143302;Montes Claros;2016;11;437601;205.2;24.2;70.1;29
3143302;Montes Claros;2016;12;437601;149.3;24.6;70.7;35
3143302;Montes Claros;2017;1;437601;31.8;26.2;55.5;58
3143302;Montes Claros;2017;2;437601;114.1;24.2;71.5;23
3143302;Montes Claros;2017;3;437601;55.2;25.4;60.9;19
3143302;Montes Claros;2017;4;437601;4.3;24.6;61.6;41
3143302;Montes Claros;2017;5;437601;22.8;22.9;63.3;17
3143302;Montes Claros;2017;6;437601;1.7;21.9;58.0;6
3143302;Montes Claros;2017;7;437601;1.7;19.4;58.2;2
3143302;Montes Claros;2017;8;437601;0.1;22.2;47.7;1
3143302;Montes Claros;2017;9;437601;1.1;22.6;50.2;3
3143302;Montes Claros;2017;10;437601;36.5;26.0;47.3;3
3143302;Montes Claros;2017;11;437601;110.3;23.9;71.0;10
3143302;Montes Claros;2017;12;437601;233.9;23.8;75.6;14
3143302;Montes Claros;2017;12;437601;233.9;23.8;75.6;9
3143302;Montes Claros;2018;1;437601;56.5;25.1;63.8;36
3143302;Montes Claros;2018;2;437601;291.2;23.7;77.1;69
3143302;Montes Claros;2018;3;437601;113.4;24.3;75.3;83
3143302;Montes Claros;2018;4;437601;21.4;23.0;69.0;261
3143302;Montes Claros;2018;5;437601;10.7;21.9;64.4;183
3143302;Montes Claros;2018;6;437601;0.2;21.5;62.1;109
3143302;Montes Claros;2018;7;437601;1.1;20.7;55.9;80
3143302;Montes Claros;2018;8;437601;6.2;23.2;52.7;33
3143302;Montes Claros;2018;9;437601;2.9;24.9;46.8;18
3143302;Montes Claros;2018;10;437601;78.8;26.1;58.3;31
3143302;Montes Claros;2018;11;437601;102.9;23.7;71.8;34
3143302;Montes Claros;2018;12;437601;224.2;23.7;75.0;27
3143302;Montes Claros;2018;12;437601;224.2;23.7;75.0;25
3143302;Montes Claros;2019;1;437601;1.9;25.8;56.8;339
3143302;Montes Claros;2019;2;437601;80.0;25.8;66.2;430
3143302;Montes Claros;2019;3;437601;83.7;25.0;70.2;1173
3143302;Montes Claros;2019;4;437601;18.7;24.9;69.2;2244
3143302;Montes Claros;2019;5;437601;9.0;24.1;62.9;4298
3143302;Montes Claros;2019;6;437601;1.9;21.8;58.8;938
3143302;Montes Claros;2019;7;437601;0.3;21.0;52.2;122
3143302;Montes Claros;2019;8;437601;2.1;22.6;52.4;28
3143302;Montes Claros;2019;9;437601;4.7;25.3;45.8;57
3143302;Montes Claros;2019;10;437601;48.3;26.6;48.0;30
3143302;Montes Claros;2019;11;437601;99.5;26.8;56.3;30
3143302;Montes Claros;2019;12;437601;97.7;25.7;63.3;40
3143302;Montes Claros;2019;12;437601;97.7;25.7;63.3;14
3143302;Montes Claros;2020;1;437601;304.7;24.7;74.2;85
3143302;Montes Claros;2020;2;437601;98.2;24.8;75.4;96
3143302;Montes Claros;2020;3;437601;198.5;23.3;79.6;147
3143302;Montes Claros;2020;4;437601;62.0;22.8;76.7;62
3143302;Montes Claros;2020;5;437601;17.0;20.6;71.3;95
3143302;Montes Claros;2020;6;437601;2.2;20.1;66.4;58
3143302;Montes Claros;2020;7;437601;0.6;20.6;59.1;76
3143302;Montes Claros;2020;8;437601;1.5;21.6;54.4;75
3143302;Montes Claros;2020;9;437601;2.1;24.8;43.4;49
3143302;Montes Claros;2020;10;437601;113.6;26.2;56.9;43
3143302;Montes Claros;2020;11;437601;97.1;23.5;71.7;76
3143302;Montes Claros;2020;12;437601;109.4;24.7;67.0;39
3143302;Montes Claros;2021;1;437601;46.7;25.8;57.6;63
3143302;Montes Claros;2021;2;437601;201.3;23.7;77.3;100
3143302;Montes Claros;2021;3;437601;37.7;23.6;68.2;157
3143302;Montes Claros;2021;4;437601;26.8;22.9;67.2;72
3143302;Montes Claros;2021;5;437601;0.7;21.8;60.8;49
3143302;Montes Claros;2021;6;437601;1.6;20.7;59.7;29
3143302;Montes Claros;2021;7;437601;0.2;20.2;51.5;21
3143302;Montes Claros;2021;8;437601;0.2;21.3;50.7;53
3143302;Montes Claros;2021;9;437601;1.9;26.0;40.4;27
3143302;Montes Claros;2021;10;437601;112.7;25.4;61.1;28
3143302;Montes Claros;2021;11;437601;289.4;23.0;77.4;43
3143302;Montes Claros;2021;12;437601;306.6;23.1;81.4;46
3143302;Montes Claros;2022;1;437601;201.8;23.6;76.2;242
3143302;Montes Claros;2022;2;437601;193.3;23.5;78.8;449
3143302;Montes Claros;2022;3;437601;3.7;24.6;62.6;1984
3143302;Montes Claros;2022;4;437601;40.9;24.1;62.3;2751
3143302;Montes Claros;2022;5;437601;5.2;21.2;59.9;2957
3143302;Montes Claros;2022;6;437601;0.0;20.4;55.6;946
3143302;Montes Claros;2022;7;437601;0.6;20.7;55.7;363
3143302;Montes Claros;2022;8;437601;0.5;22.2;46.7;149
3143302;Montes Claros;2022;9;437601;11.6;24.5;47.8;126
3143302;Montes Claros;2022;10;437601;42.5;25.6;53.5;170
3143302;Montes Claros;2022;11;437601;293.7;23.0;73.3;230
3143302;Montes Claros;2022;12;437601;328.5;22.8;80.8;401
3143302;Montes Claros;2023;1;437601;196.3;23.2;79.3;5618
3143302;Montes Claros;2023;2;437601;4.0;25.2;62.4;11942
3143302;Montes Claros;2023;3;437601;10.2;25.0;58.9;5481
3143302;Montes Claros;2023;4;437601;52.7;24.8;62.4;1557
3143302;Montes Claros;2023;5;437601;0.4;22.1;60.7;546
3143302;Montes Claros;2023;6;437601;0.1;21.0;58.0;195
3143302;Montes Claros;2023;7;437601;6.5;21.7;53.1;158
3143302;Montes Claros;2023;8;437601;70.2;23.4;52.1;103
3143302;Montes Claros;2023;9;437601;1.6;25.9;48.2;125
3143302;Montes Claros;2023;10;437601;69.4;27.2;52.9;217
3143302;Montes Claros;2023;11;437601;28.2;28.4;45.0;363
3143302;Montes Claros;2023;12;437601;75.4;27.1;55.9;405
3143302;Montes Claros;2023;12;437601;75.4;27.1;55.9;230
3143302;Montes Claros;2024;1;437601;251.4;24.8;75.8;2417
3143302;Montes Claros;2024;2;437601;322.3;24.0;77.0;8863
3143302;Montes Claros;2024;3;437601;29.3;25.9;69.4;14202
3143302;Montes Claros;2024;4;437601;24.4;23.8;70.8;5211
3143302;Montes Claros;2024;5;437601;0.5;22.7;64.4;1898
3143302;Montes Claros;2024;6;437601;1.0;21.2;61.0;572
3143302;Montes Claros;2024;7;437601;0.1;20.8;54.5;231
3143302;Montes Claros;2024;8;437601;0.4;22.8;48.9;177
3143302;Montes Claros;2024;9;437601;0.0;25.4;40.1;263
3143302;Montes Claros;2024;10;437601;76.4;26.1;58.8;280
3143302;Montes Claros;2024;11;437601;282.6;23.7;75.9;549
3143302;Montes Claros;2024;12;437601;104.9;24.5;76.7;625
3143302;Montes Claros;2024;12;437601;104.9;24.5;76.7;135
3143302;Montes Claros;2025;1;437601;276.4;24.4;78.5;716
3143302;Montes Claros;2025;2;437601;7.5;25.9;59.0;678
3143302;Montes Claros;2025;3;437601;45.7;26.2;60.3;616
3143302;Montes Claros;2025;4;437601;103.5;24.8;69.2;382
3143302;Montes Claros;2025;5;437601;2.5;22.6;63.3;379
3143302;Montes Claros;2025;6;437601;4.7;21.7;59.6;313
3143302;Montes Claros;2025;7;437601;0.9;21.2;52.4;176
3143302;Montes Claros;2025;8;437601;0.0;22.7;47.4;298
3143302;Montes Claros;2025;9;437601;4.7;24.7;45.2;286
3143302;Montes Claros;2025;10;437601;54.4;25.0;51.5;245
3143302;Montes Claros;2025;11;437601;47.4;25.8;61.2;17
3154606;Ribeirão das Neves;2015;1;346971;36.6;25.4;57.1;19
3154606;Ribeirão das Neves;2015;2;346971;175.9;23.1;73.7;22
3154606;Ribeirão das Neves;2015;3;346971;80.7;23.1;74.2;184
3154606;Ribeirão das Neves;2015;4;346971;46.3;21.5;75.3;438
3154606;Ribeirão das Neves;2015;5;346971;40.3;19.3;75.6;629
3154606;Ribeirão das Neves;2015;6;346971;7.1;18.7;71.7;220
3154606;Ribeirão das Neves;2015;7;346971;0.2;19.4;66.9;63
3154606;Ribeirão das Neves;2015;8;346971;2.8;20.2;59.1;31
3154606;Ribeirão das Neves;2015;9;346971;25.7;23.8;56.4;19
3154606;Ribeirão das Neves;2015;10;346971;28.8;25.6;51.3;26
3154606;Ribeirão das Neves;2015;11;346971;166.5;25.0;67.1;76
3154606;Ribeirão das Neves;2015;12;346971;102.4;24.0;73.2;139
3154606;Ribeirão das Neves;2016;1;346971;306.5;22.8;80.1;1447
3154606;Ribeirão das Neves;2016;2;346971;43.3;24.4;69.1;4006
3154606;Ribeirão das Neves;2016;3;346971;59.7;23.6;72.1;4087
3154606;Ribeirão das Neves;2016;4;346971;47.8;23.6;62.6;2341
3154606;Ribeirão das Neves;2016;5;346971;10.7;20.2;72.6;556
3154606;Ribeirão das Neves;2016;6;346971;12.4;18.3;72.7;43
3154606;Ribeirão das Neves;2016;7;346971;0.0;19.4;62.1;27
3154606;Ribeirão das Neves;2016;8;346971;5.2;20.8;56.3;9
3154606;Ribeirão das Neves;2016;9;346971;41.2;22.6;57.6;173
3154606;Ribeirão das Neves;2016;10;346971;41.1;23.4;62.6;213
3154606;Ribeirão das Neves;2016;11;346971;202.1;22.1;75.6;27
3154606;Ribeirão das Neves;2016;12;346971;233.1;22.8;76.4;53
3154606;Ribeirão das Neves;2017;1;346971;56.9;24.1;67.3;69
3154606;Ribeirão das Neves;2017;2;346971;119.3;23.0;74.1;91
3154606;Ribeirão das Neves;2017;3;346971;70.9;22.9;70.4;70
3154606;Ribeirão das Neves;2017;4;346971;24.0;21.9;71.8;63
3154606;Ribeirão das Neves;2017;5;346971;43.9;19.6;77.0;28
3154606;Ribeirão das Neves;2017;6;346971;10.4;18.7;72.6;17
3154606;Ribeirão das Neves;2017;7;346971;1.8;16.6;68.6;15
3154606;Ribeirão das Neves;2017;8;346971;1.6;19.6;59.6;8
3154606;Ribeirão das Neves;2017;9;346971;8.7;20.3;57.9;19
3154606;Ribeirão das Neves;2017;10;346971;53.3;23.2;60.9;16
3154606;Ribeirão das Neves;2017;11;346971;140.0;21.6;78.0;13
3154606;Ribeirão das Neves;2017;12;346971;182.5;22.7;79.6;13
3154606;Ribeirão das Neves;2017;12;346971;182.5;22.7;79.6;5
3154606;Ribeirão das Neves;2018;1;346971;163.9;23.5;70.6;23
3154606;Ribeirão das Neves;2018;2;346971;187.2;22.3;81.3;42
3154606;Ribeirão das Neves;2018;3;346971;140.3;22.9;80.8;37
3154606;Ribeirão das Neves;2018;4;346971;48.3;20.7;77.8;55
3154606;Ribeirão das Neves;2018;5;346971;29.9;19.0;73.1;34
3154606;Ribeirão das Neves;2018;6;346971;4.4;19.1;73.6;15
3154606;Ribeirão das Neves;2018;7;346971;2.8;18.4;67.1;8
3154606;Ribeirão das Neves;2018;8;346971;36.5;19.3;70.7;13
3154606;Ribeirão das Neves;2018;9;346971;61.6;21.4;66.0;17
3154606;Ribeirão das Neves;2018;10;346971;97.4;22.9;72.3;13
3154606;Ribeirão das Neves;2018;11;346971;219.9;21.4;80.3;15
3154606;Ribeirão das Neves;2018;12;346971;212.9;22.6;78.6;20
3154606;Ribeirão das Neves;2018;12;346971;212.9;22.6;78.6;6
3154606;Ribeirão das Neves;2019;1;346971;24.5;24.5;65.4;138
3154606;Ribeirão das Neves;2019;2;346971;160.0;23.9;75.3;410
3154606;Ribeirão das Neves;2019;3;346971;88.7;23.2;76.9;2162
3154606;Ribeirão das Neves;2019;4;346971;34.6;22.7;74.9;3987
3154606;Ribeirão das Neves;2019;5;346971;36.6;21.0;76.4;3049
3154606;Ribeirão das Neves;2019;6;346971;0.6;18.9;69.2;723
3154606;Ribeirão das Neves;2019;7;346971;0.1;17.9;62.2;31
3154606;Ribeirão das Neves;2019;8;346971;7.1;19.9;62.0;78
3154606;Ribeirão das Neves;2019;9;346971;47.9;23.0;57.2;51
3154606;Ribeirão das Neves;2019;10;346971;76.5;23.7;60.7;58
3154606;Ribeirão das Neves;2019;11;346971;214.9;23.2;74.6;52
3154606;Ribeirão das Neves;2019;12;346971;213.2;22.8;77.9;321
3154606;Ribeirão das Neves;2019;12;346971;213.2;22.8;77.9;8
3154606;Ribeirão das Neves;2020;1;346971;319.3;23.5;81.9;38
3154606;Ribeirão das Neves;2020;2;346971;198.8;22.9;83.0;71
3154606;Ribeirão das Neves;2020;3;346971;197.0;21.8;80.4;124
3154606;Ribeirão das Neves;2020;4;346971;94.1;20.8;79.8;87
3154606;Ribeirão das Neves;2020;5;346971;46.9;18.1;75.2;88
3154606;Ribeirão das Neves;2020;6;346971;5.4;18.6;72.2;54
3154606;Ribeirão das Neves;2020;7;346971;2.0;18.8;70.1;26
3154606;Ribeirão das Neves;2020;8;346971;14.6;18.7;65.1;22
3154606;Ribeirão das Neves;2020;9;346971;5.9;22.8;53.7;16
3154606;Ribeirão das Neves;2020;10;346971;170.7;23.1;69.2;16
3154606;Ribeirão das Neves;2020;11;346971;105.5;21.9;75.4;39
3154606;Ribeirão das Neves;2020;12;346971;187.3;22.9;77.4;32
3154606;Ribeirão das Neves;2021;1;346971;129.8;23.3;70.5;36
3154606;Ribeirão das Neves;2021;2;346971;267.2;22.3;81.4;50
3154606;Ribeirão das Neves;2021;3;346971;61.8;22.7;74.0;45
3154606;Ribeirão das Neves;2021;4;346971;25.0;20.9;68.8;26
3154606;Ribeirão das Neves;2021;5;346971;3.0;20.0;69.0;18
3154606;Ribeirão das Neves;2021;6;346971;4.8;18.4;71.8;8
3154606;Ribeirão das Neves;2021;7;346971;0.0;17.0;59.9;21
3154606;Ribeirão das Neves;2021;8;346971;2.6;19.3;58.8;7
3154606;Ribeirão das Neves;2021;9;346971;1.4;23.8;52.8;18
3154606;Ribeirão das Neves;2021;10;346971;210.7;22.1;74.7;21
3154606;Ribeirão das Neves;2021;11;346971;351.6;21.5;77.9;0
3154606;Ribeirão das Neves;2021;12;346971;208.0;21.7;79.8;1
3154606;Ribeirão das Neves;2022;1;346971;378.7;22.5;79.8;67
3154606;Ribeirão das Neves;2022;2;346971;382.0;21.9;84.6;45
3154606;Ribeirão das Neves;2022;3;346971;9.2;23.6;65.3;114
3154606;Ribeirão das Neves;2022;4;346971;37.7;22.4;67.3;189
3154606;Ribeirão das Neves;2022;5;346971;14.8;18.5;68.1;299
3154606;Ribeirão das Neves;2022;6;346971;0.4;18.1;65.0;128
3154606;Ribeirão das Neves;2022;7;346971;0.3;18.3;63.2;53
3154606;Ribeirão das Neves;2022;8;346971;0.8;19.5;55.9;41
3154606;Ribeirão das Neves;2022;9;346971;50.8;21.2;61.0;29
3154606;Ribeirão das Neves;2022;10;346971;123.1;22.7;67.7;47
3154606;Ribeirão das Neves;2022;11;346971;260.1;20.8;75.9;48
3154606;Ribeirão das Neves;2022;12;346971;297.6;21.4;82.5;55
3154606;Ribeirão das Neves;2023;1;346971;387.8;21.8;84.2;166
3154606;Ribeirão das Neves;2023;2;346971;73.2;23.4;74.5;389
3154606;Ribeirão das Neves;2023;3;346971;41.8;23.7;65.7;2097
3154606;Ribeirão das Neves;2023;4;346971;51.5;21.7;73.3;3822
3154606;Ribeirão das Neves;2023;5;346971;2.3;19.0;70.7;1965
3154606;Ribeirão das Neves;2023;6;346971;10.3;17.4;71.1;544
3154606;Ribeirão das Neves;2023;7;346971;3.8;18.6;65.7;164
3154606;Ribeirão das Neves;2023;8;346971;24.2;20.5;62.8;113
3154606;Ribeirão das Neves;2023;9;346971;32.0;22.8;62.4;81
3154606;Ribeirão das Neves;2023;10;346971;134.4;23.9;72.0;143
3154606;Ribeirão das Neves;2023;11;346971;96.3;24.9;63.7;194
3154606;Ribeirão das Neves;2023;12;346971;154.9;24.0;73.3;186
3154606;Ribeirão das Neves;2023;12;346971;154.9;24.0;73.3;336
3154606;Ribeirão das Neves;2024;1;346971;247.7;23.3;82.0;5456
3154606;Ribeirão das Neves;2024;2;346971;206.8;22.9;79.6;14338
3154606;Ribeirão das Neves;2024;3;346971;125.9;23.7;78.2;12737
3154606;Ribeirão das Neves;2024;4;346971;32.5;22.5;71.4;4085
3154606;Ribeirão das Neves;2024;5;346971;0.4;21.4;66.3;1538
3154606;Ribeirão das Neves;2024;6;346971;0.0;19.4;61.3;499
3154606;Ribeirão das Neves;2024;7;346971;0.3;19.4;58.0;118
3154606;Ribeirão das Neves;2024;8;346971;0.4;20.7;51.4;109
3154606;Ribeirão das Neves;2024;9;346971;0.9;24.2;44.2;170
3154606;Ribeirão das Neves;2024;10;346971;120.9;23.5;67.2;145
3154606;Ribeirão das Neves;2024;11;346971;138.4;22.4;75.3;242
3154606;Ribeirão das Neves;2024;12;346971;193.8;23.1;77.9;201
3154606;Ribeirão das Neves;2024;12;346971;193.8;23.1;77.9;48
3154606;Ribeirão das Neves;2025;1;346971;225.2;23.1;80.1;438
3154606;Ribeirão das Neves;2025;2;346971;18.8;24.3;63.7;673
3154606;Ribeirão das Neves;2025;3;346971;86.1;24.1;68.5;665
3154606;Ribeirão das Neves;2025;4;346971;88.8;22.3;75.3;476
3154606;Ribeirão das Neves;2025;5;346971;3.2;20.4;66.0;316
3154606;Ribeirão das Neves;2025;6;346971;1.9;19.3;63.8;212
3154606;Ribeirão das Neves;2025;7;346971;1.1;18.7;56.7;126
3154606;Ribeirão das Neves;2025;8;346971;8.7;19.9;55.1;153
3154606;Ribeirão das Neves;2025;9;346971;17.8;22.2;54.8;196
3154606;Ribeirão das Neves;2025;10;346971;75.9;22.5;59.6;150
3154606;Ribeirão das Neves;2025;11;346971;151.1;22.8;72.3;13
3170107;Uberaba;2015;1;356781;107.6;26.0;64.6;67
3170107;Uberaba;2015;2;356781;272.2;23.6;79.0;183
3170107;Uberaba;2015;3;356781;335.3;22.8;84.1;549
3170107;Uberaba;2015;4;356781;81.2;22.9;78.4;1132
3170107;Uberaba;2015;5;356781;88.5;20.7;76.1;1251
3170107;Uberaba;2015;6;356781;27.0;20.4;69.8;436
3170107;Uberaba;2015;7;356781;11.5;21.4;63.4;137
3170107;Uberaba;2015;8;356781;4.5;22.8;46.4;92
3170107;Uberaba;2015;9;356781;101.4;25.0;55.4;55
3170107;Uberaba;2015;10;356781;88.1;27.8;50.5;107
3170107;Uberaba;2015;11;356781;193.0;25.1;77.0;371
3170107;Uberaba;2015;12;356781;268.7;24.6;77.4;336
3170107;Uberaba;2016;1;356781;361.4;23.6;83.6;1674
3170107;Uberaba;2016;2;356781;173.4;24.8;78.4;3240
3170107;Uberaba;2016;3;356781;234.1;24.1;79.0;3122
3170107;Uberaba;2016;4;356781;13.3;24.5;59.7;2074
3170107;Uberaba;2016;5;356781;8.2;22.2;65.9;712
3170107;Uberaba;2016;6;356781;46.1;19.6;68.1;131
3170107;Uberaba;2016;7;356781;0.0;21.7;48.6;93
3170107;Uberaba;2016;8;356781;19.6;22.9;49.2;64
3170107;Uberaba;2016;9;356781;1.8;25.4;45.4;64
3170107;Uberaba;2016;10;356781;148.1;24.7;64.9;138
3170107;Uberaba;2016;11;356781;287.2;23.3;77.3;171
3170107;Uberaba;2016;12;356781;318.8;24.1;77.7;211
3170107;Uberaba;2017;1;356781;209.6;24.1;77.2;211
3170107;Uberaba;2017;2;356781;88.3;24.2;73.1;185
3170107;Uberaba;2017;3;356781;87.2;24.1;72.4;283
3170107;Uberaba;2017;4;356781;80.7;23.3;71.0;277
3170107;Uberaba;2017;5;356781;34.8;22.1;70.2;126
3170107;Uberaba;2017;6;356781;6.5;20.3;63.2;90
3170107;Uberaba;2017;7;356781;0.3;19.1;53.4;52
3170107;Uberaba;2017;8;356781;3.8;23.0;46.8;66
3170107;Uberaba;2017;9;356781;27.5;25.0;35.5;114
3170107;Uberaba;2017;10;356781;86.6;25.9;52.5;146
3170107;Uberaba;2017;11;356781;206.5;23.6;73.3;127
3170107;Uberaba;2017;12;356781;174.1;23.7;78.0;118
3170107;Uberaba;2017;12;356781;174.1;23.7;78.0;61
3170107;Uberaba;2018;1;356781;196.2;24.0;75.4;305
3170107;Uberaba;2018;2;356781;143.6;23.4;78.9;389
3170107;Uberaba;2018;3;356781;78.3;24.7;74.0;486
3170107;Uberaba;2018;4;356781;47.6;22.4;70.7;709
3170107;Uberaba;2018;5;356781;17.6;21.1;60.9;436
3170107;Uberaba;2018;6;356781;2.5;21.8;60.3;280
3170107;Uberaba;2018;7;356781;3.6;21.3;49.8;185
3170107;Uberaba;2018;8;356781;17.6;22.0;54.7;80
3170107;Uberaba;2018;9;356781;46.9;24.0;53.3;132
3170107;Uberaba;2018;10;356781;96.3;24.7;71.1;137
3170107;Uberaba;2018;11;356781;306.9;23.1;78.3;144
3170107;Uberaba;2018;12;356781;191.5;24.3;74.3;207
3170107;Uberaba;2018;12;356781;191.5;24.3;74.3;92
3170107;Uberaba;2019;1;356781;78.6;25.3;68.6;642
3170107;Uberaba;2019;2;356781;220.5;24.2;77.6;1305
3170107;Uberaba;2019;3;356781;179.9;23.7;78.8;2523
3170107;Uberaba;2019;4;356781;115.6;23.1;76.0;2973
3170107;Uberaba;2019;5;356781;31.1;21.8;72.1;3052
3170107;Uberaba;2019;6;356781;0.2;20.4;59.2;1754
3170107;Uberaba;2019;7;356781;6.1;19.8;54.1;485
3170107;Uberaba;2019;8;356781;5.2;22.0;52.9;251
3170107;Uberaba;2019;9;356781;36.7;26.5;43.4;311
3170107;Uberaba;2019;10;356781;73.9;25.5;58.9;262
3170107;Uberaba;2019;11;356781;177.6;24.7;73.6;224
3170107;Uberaba;2019;12;356781;202.6;23.9;78.2;286
3170107;Uberaba;2019;12;356781;202.6;23.9;78.2;51
3170107;Uberaba;2020;1;356781;332.1;24.2;81.3;624
3170107;Uberaba;2020;2;356781;352.5;23.5;83.3;810
3170107;Uberaba;2020;3;356781;99.8;23.5;74.3;899
3170107;Uberaba;2020;4;356781;52.1;22.7;69.6;588
3170107;Uberaba;2020;5;356781;22.5;19.5;65.8;593
3170107;Uberaba;2020;6;356781;1.7;21.2;61.4;324
3170107;Uberaba;2020;7;356781;0.3;21.6;49.7;271
3170107;Uberaba;2020;8;356781;3.4;22.6;42.7;280
3170107;Uberaba;2020;9;356781;26.1;26.1;38.0;275
3170107;Uberaba;2020;10;356781;171.1;25.9;58.8;192
3170107;Uberaba;2020;11;356781;89.2;23.9;65.3;239
3170107;Uberaba;2020;12;356781;267.3;23.8;79.2;170
3170107;Uberaba;2021;1;356781;158.7;24.4;72.8;534
3170107;Uberaba;2021;2;356781;112.4;23.6;76.8;411
3170107;Uberaba;2021;3;356781;71.6;24.0;71.1;378
3170107;Uberaba;2021;4;356781;29.4;22.4;61.4;310
3170107;Uberaba;2021;5;356781;10.1;21.5;60.4;267
3170107;Uberaba;2021;6;356781;5.4;20.2;61.8;156
3170107;Uberaba;2021;7;356781;0.6;19.4;41.7;112
3170107;Uberaba;2021;8;356781;0.7;23.5;38.1;154
3170107;Uberaba;2021;9;356781;2.1;27.7;36.0;138
3170107;Uberaba;2021;10;356781;215.5;24.0;70.8;103
3170107;Uberaba;2021;11;356781;190.4;24.0;69.8;99
3170107;Uberaba;2021;12;356781;179.3;23.5;74.9;33
3170107;Uberaba;2022;1;356781;253.2;23.3;78.7;219
3170107;Uberaba;2022;2;356781;211.5;23.3;78.9;236
3170107;Uberaba;2022;3;356781;133.8;24.5;68.9;510
3170107;Uberaba;2022;4;356781;72.4;23.6;65.6;1925
3170107;Uberaba;2022;5;356781;43.9;19.6;64.4;2514
3170107;Uberaba;2022;6;356781;3.9;20.0;61.0;1145
3170107;Uberaba;2022;7;356781;0.0;21.6;44.8;1040
3170107;Uberaba;2022;8;356781;6.7;22.3;43.3;613
3170107;Uberaba;2022;9;356781;90.4;24.1;51.4;539
3170107;Uberaba;2022;10;356781;83.6;24.5;61.3;533
3170107;Uberaba;2022;11;356781;112.4;22.8;69.0;275
3170107;Uberaba;2022;12;356781;294.8;22.9;79.0;414
3170107;Uberaba;2023;1;356781;376.3;22.7;82.0;2278
3170107;Uberaba;2023;2;356781;154.9;23.7;78.3;3633
3170107;Uberaba;2023;3;356781;147.1;23.6;74.9;7454
3170107;Uberaba;2023;4;356781;150.7;21.9;77.3;9548
3170107;Uberaba;2023;5;356781;19.1;20.5;62.1;4625
3170107;Uberaba;2023;6;356781;4.4;19.1;63.3;1857
3170107;Uberaba;2023;7;356781;5.4;20.7;53.2;944
3170107;Uberaba;2023;8;356781;20.1;23.1;49.9;644
3170107;Uberaba;2023;9;356781;41.6;26.2;50.5;597
3170107;Uberaba;2023;10;356781;144.4;26.1;65.0;641
3170107;Uberaba;2023;11;356781;109.9;26.5;57.7;657
3170107;Uberaba;2023;12;356781;156.9;25.8;67.8;341
3170107;Uberaba;2023;12;356781;156.9;25.8;67.8;228
3170107;Uberaba;2024;1;356781;211.9;24.1;76.7;1678
3170107;Uberaba;2024;2;356781;112.5;24.2;75.0;4311
3170107;Uberaba;2024;3;356781;289.0;24.4;79.0;4557
3170107;Uberaba;2024;4;356781;25.4;24.0;68.4;4895
3170107;Uberaba;2024;5;356781;2.8;22.2;60.3;4095
3170107;Uberaba;2024;6;356781;0.0;21.0;52.5;2702
3170107;Uberaba;2024;7;356781;0.5;21.5;46.2;1028
3170107;Uberaba;2024;8;356781;1.1;22.2;41.1;722
3170107;Uberaba;2024;9;356781;2.1;27.5;30.8;851
3170107;Uberaba;2024;10;356781;204.6;25.8;61.1;640
3170107;Uberaba;2024;11;356781;190.1;23.8;75.0;737
3170107;Uberaba;2024;12;356781;300.0;23.9;78.9;1102
3170107;Uberaba;2024;12;356781;300.0;23.9;78.9;394
3170107;Uberaba;2025;1;356781;183.5;24.0;78.1;2793
3170107;Uberaba;2025;2;356781;121.8;24.8;69.3;4541
3170107;Uberaba;2025;3;356781;92.6;25.2;65.2;7797
3170107;Uberaba;2025;4;356781;130.6;23.1;77.2;4039
3170107;Uberaba;2025;5;356781;10.3;21.1;64.7;3593
3170107;Uberaba;2025;6;356781;30.0;20.2;63.1;1560
3170107;Uberaba;2025;7;356781;2.0;20.4;50.9;408
3170107;Uberaba;2025;8;356781;16.2;22.2;42.2;278
3170107;Uberaba;2025;9;356781;25.0;25.0;43.4;318
3170107;Uberaba;2025;10;356781;128.6;24.3;56.2;325
3170107;Uberaba;2025;11;356781;95.4;24.1;69.1;7
3170206;Uberlândia;2015;1;761835;90.1;25.1;64.6;422
3170206;Uberlândia;2015;2;761835;204.2;22.8;79.4;1157
3170206;Uberlândia;2015;3;761835;198.4;22.2;84.3;4182
3170206;Uberlândia;2015;4;761835;75.0;22.2;80.9;5826
3170206;Uberlândia;2015;5;761835;69.2;20.0;77.7;5998
3170206;Uberlândia;2015;6;761835;14.4;19.6;69.9;1229
3170206;Uberlândia;2015;7;761835;6.9;20.4;63.8;300
3170206;Uberlândia;2015;8;761835;0.7;21.8;47.3;131
3170206;Uberlândia;2015;9;761835;59.6;24.7;52.5;73
3170206;Uberlândia;2015;10;761835;56.3;27.4;48.3;83
3170206;Uberlândia;2015;11;761835;135.9;24.7;74.7;230
3170206;Uberlândia;2015;12;761835;168.8;24.1;75.8;255
3170206;Uberlândia;2016;1;761835;430.1;22.6;86.1;751
3170206;Uberlândia;2016;2;761835;111.0;24.0;78.8;2179
3170206;Uberlândia;2016;3;761835;156.8;23.4;79.5;2759
3170206;Uberlândia;2016;4;761835;14.6;23.6;61.7;3522
3170206;Uberlândia;2016;5;761835;6.9;22.0;63.9;2286
3170206;Uberlândia;2016;6;761835;15.5;19.7;62.6;477
3170206;Uberlândia;2016;7;761835;0.0;20.7;49.3;223
3170206;Uberlândia;2016;8;761835;10.8;22.0;50.0;118
3170206;Uberlândia;2016;9;761835;4.2;25.0;44.4;127
3170206;Uberlândia;2016;10;761835;233.1;23.9;64.8;123
3170206;Uberlândia;2016;11;761835;234.0;22.6;78.2;181
3170206;Uberlândia;2016;12;761835;240.6;23.3;78.7;243
3170206;Uberlândia;2017;1;761835;152.1;23.3;78.5;414
3170206;Uberlândia;2017;2;761835;87.0;23.1;77.3;446
3170206;Uberlândia;2017;3;761835;70.0;23.2;74.9;570
3170206;Uberlândia;2017;4;761835;61.6;22.5;73.4;765
3170206;Uberlândia;2017;5;761835;22.7;21.2;72.0;489
3170206;Uberlândia;2017;6;761835;1.7;19.7;63.8;267
3170206;Uberlândia;2017;7;761835;0.0;18.2;55.4;198
3170206;Uberlândia;2017;8;761835;0.4;21.9;48.4;214
3170206;Uberlândia;2017;9;761835;24.3;23.1;41.2;146
3170206;Uberlândia;2017;10;761835;81.5;24.8;53.9;107
3170206;Uberlândia;2017;11;761835;172.3;22.4;77.9;104
3170206;Uberlândia;2017;12;761835;143.7;22.7;81.7;187
3170206;Uberlândia;2017;12;761835;143.7;22.7;81.7;120
3170206;Uberlândia;2018;1;761835;166.6;23.0;76.8;270
3170206;Uberlândia;2018;2;761835;159.8;22.5;81.6;292
3170206;Uberlândia;2018;3;761835;80.8;23.6;77.6;323
3170206;Uberlândia;2018;4;761835;44.6;21.7;73.7;935
3170206;Uberlândia;2018;5;761835;14.7;20.0;65.4;768
3170206;Uberlândia;2018;6;761835;1.0;20.5;63.7;332
3170206;Uberlândia;2018;7;761835;0.0;19.8;54.5;209
3170206;Uberlândia;2018;8;761835;7.0;21.2;55.9;84
3170206;Uberlândia;2018;9;761835;30.6;23.0;54.1;146
3170206;Uberlândia;2018;10;761835;128.7;24.1;71.6;180
3170206;Uberlândia;2018;11;761835;258.4;22.0;82.7;266
3170206;Uberlândia;2018;12;761835;160.5;23.3;77.3;532
3170206;Uberlândia;2018;12;761835;160.5;23.3;77.3;249
3170206;Uberlândia;2019;1;761835;45.6;24.6;68.2;2543
3170206;Uberlândia;2019;2;761835;188.7;23.6;78.7;6869
3170206;Uberlândia;2019;3;761835;137.0;22.9;81.1;11626
3170206;Uberlândia;2019;4;761835;100.1;22.3;78.3;8280
3170206;Uberlândia;2019;5;761835;20.9;21.6;71.2;4029
3170206;Uberlândia;2019;6;761835;0.0;19.8;59.9;972
3170206;Uberlândia;2019;7;761835;0.8;19.3;53.2;270
3170206;Uberlândia;2019;8;761835;2.9;21.8;50.3;154
3170206;Uberlândia;2019;9;761835;35.1;25.8;42.2;380
3170206;Uberlândia;2019;10;761835;54.6;24.9;57.8;181
3170206;Uberlândia;2019;11;761835;188.1;24.1;74.1;195
3170206;Uberlândia;2019;12;761835;233.2;22.9;81.4;253
3170206;Uberlândia;2019;12;761835;233.2;22.9;81.4;64
3170206;Uberlândia;2020;1;761835;369.6;23.3;84.4;595
3170206;Uberlândia;2020;2;761835;228.2;22.5;86.6;664
3170206;Uberlândia;2020;3;761835;113.1;22.6;78.4;799
3170206;Uberlândia;2020;4;761835;43.8;21.9;72.8;326
3170206;Uberlândia;2020;5;761835;17.1;18.9;67.5;493
3170206;Uberlândia;2020;6;761835;1.1;20.2;63.4;454
3170206;Uberlândia;2020;7;761835;0.0;20.6;52.3;301
3170206;Uberlândia;2020;8;761835;2.2;21.5;45.5;277
3170206;Uberlândia;2020;9;761835;15.0;25.1;37.7;253
3170206;Uberlândia;2020;10;761835;147.6;25.5;57.9;224
3170206;Uberlândia;2020;11;761835;78.9;23.6;63.0;216
3170206;Uberlândia;2020;12;761835;205.3;23.6;76.7;224
3170206;Uberlândia;2021;1;761835;129.2;23.8;71.8;355
3170206;Uberlândia;2021;2;761835;209.5;22.7;80.3;225
3170206;Uberlândia;2021;3;761835;59.2;23.1;72.9;184
3170206;Uberlândia;2021;4;761835;22.2;22.3;58.9;190
3170206;Uberlândia;2021;5;761835;6.4;21.4;57.6;173
3170206;Uberlândia;2021;6;761835;4.1;20.2;57.8;135
3170206;Uberlândia;2021;7;761835;0.4;18.9;41.7;127
3170206;Uberlândia;2021;8;761835;2.4;22.6;39.1;174
3170206;Uberlândia;2021;9;761835;8.5;26.8;35.8;153
3170206;Uberlândia;2021;10;761835;160.7;23.6;70.0;293
3170206;Uberlândia;2021;11;761835;177.0;23.0;73.0;224
3170206;Uberlândia;2021;12;761835;166.3;22.9;76.5;112
3170206;Uberlândia;2022;1;761835;210.3;22.5;80.8;393
3170206;Uberlândia;2022;2;761835;185.0;22.3;82.1;629
3170206;Uberlândia;2022;3;761835;73.3;23.5;70.7;1290
3170206;Uberlândia;2022;4;761835;27.6;23.2;64.1;2201
3170206;Uberlândia;2022;5;761835;23.6;19.2;63.1;2282
3170206;Uberlândia;2022;6;761835;6.5;19.6;59.6;1034
3170206;Uberlândia;2022;7;761835;0.0;20.3;47.9;420
3170206;Uberlândia;2022;8;761835;13.4;21.4;44.4;329
3170206;Uberlândia;2022;9;761835;78.7;23.9;48.6;459
3170206;Uberlândia;2022;10;761835;85.3;24.0;60.5;467
3170206;Uberlândia;2022;11;761835;118.0;22.3;69.1;535
3170206;Uberlândia;2022;12;761835;343.0;22.1;81.4;506
3170206;Uberlândia;2023;1;761835;320.1;21.8;84.7;1757
3170206;Uberlândia;2023;2;761835;77.4;23.1;78.7;4260
3170206;Uberlândia;2023;3;761835;71.4;23.0;74.3;8743
3170206;Uberlândia;2023;4;761835;109.9;21.6;77.5;10851
3170206;Uberlândia;2023;5;761835;10.7;20.2;60.1;6125
3170206;Uberlândia;2023;6;761835;6.6;18.7;61.3;1807
3170206;Uberlândia;2023;7;761835;3.3;20.4;51.7;1007
3170206;Uberlândia;2023;8;761835;33.3;22.6;49.4;568
3170206;Uberlândia;2023;9;761835;26.6;25.8;49.9;502
3170206;Uberlândia;2023;10;761835;131.1;25.8;64.1;683
3170206;Uberlândia;2023;11;761835;70.4;26.0;58.1;535
3170206;Uberlândia;2023;12;761835;126.0;25.0;69.7;393
3170206;Uberlândia;2023;12;761835;126.0;25.0;69.7;366
3170206;Uberlândia;2024;1;761835;192.3;23.6;77.4;4558
3170206;Uberlândia;2024;2;761835;132.4;23.4;77.1;9306
3170206;Uberlândia;2024;3;761835;206.9;23.9;79.5;8425
3170206;Uberlândia;2024;4;761835;26.0;23.3;70.6;3311
3170206;Uberlândia;2024;5;761835;1.8;22.1;58.7;2829
3170206;Uberlândia;2024;6;761835;0.2;20.5;52.9;1151
3170206;Uberlândia;2024;7;761835;0.0;21.0;45.1;426
3170206;Uberlândia;2024;8;761835;0.0;21.9;39.3;239
3170206;Uberlândia;2024;9;761835;10.9;26.5;31.2;514
3170206;Uberlândia;2024;10;761835;183.4;24.9;64.6;373
3170206;Uberlândia;2024;11;761835;210.2;23.0;78.2;597
3170206;Uberlândia;2024;12;761835;249.4;23.3;79.4;1114
3170206;Uberlândia;2024;12;761835;249.4;23.3;79.4;358
3170206;Uberlândia;2025;1;761835;204.7;23.4;79.9;3771
3170206;Uberlândia;2025;2;761835;99.7;24.5;67.8;5935
3170206;Uberlândia;2025;3;761835;96.4;24.7;66.4;7380
3170206;Uberlândia;2025;4;761835;132.5;22.8;78.1;4884
3170206;Uberlândia;2025;5;761835;1.6;21.2;62.6;3946
3170206;Uberlândia;2025;6;761835;17.9;20.3;60.5;1773
3170206;Uberlândia;2025;7;761835;1.7;20.3;49.3;529
3170206;Uberlândia;2025;8;761835;9.2;22.2;39.4;700
3170206;Uberlândia;2025;9;761835;44.1;24.9;42.1;863
3170206;Uberlândia;2025;10;761835;87.9;24.2;54.5;684
3170206;Uberlândia;2025;11;761835;80.5;24.2;65.8;8
