municipality_code_ibge;municipality_name;year;month;dengue_cases;estimated_population;rainfall_mm;average_temperature;average_humidity
3106200;Belo Horizonte;2015;1;0;2415872;36.6;25.1;59.3
3106200;Belo Horizonte;2015;2;0;2415872;175.9;22.8;74.7
3106200;Belo Horizonte;2015;3;0;2415872;80.7;22.9;74.0
3106200;Belo Horizonte;2015;4;0;2415872;46.3;21.3;74.7
3106200;Belo Horizonte;2015;5;0;2415872;40.3;19.1;75.0
3106200;Belo Horizonte;2015;6;0;2415872;7.1;18.5;71.2
3106200;Belo Horizonte;2015;7;0;2415872;0.2;18.9;69.0
3106200;Belo Horizonte;2015;8;0;2415872;2.8;19.6;62.3
3106200;Belo Horizonte;2015;9;0;2415872;25.7;23.4;57.8
3106200;Belo Horizonte;2015;10;0;2415872;28.8;25.1;53.2
3106200;Belo Horizonte;2015;11;0;2415872;166.5;24.8;67.5
3106200;Belo Horizonte;2015;12;0;2415872;102.4;23.8;73.5
3106200;Belo Horizonte;2016;1;0;2415872;306.5;22.6;79.6
3106200;Belo Horizonte;2016;2;0;2415872;43.3;23.9;72.3
3106200;Belo Horizonte;2016;3;0;2415872;59.7;23.2;74.0
3106200;Belo Horizonte;2016;4;0;2415872;47.8;23.1;66.0
3106200;Belo Horizonte;2016;5;0;2415872;10.7;20.1;71.5
3106200;Belo Horizonte;2016;6;0;2415872;12.4;18.1;72.7
3106200;Belo Horizonte;2016;7;0;2415872;0.0;18.9;64.1
3106200;Belo Horizonte;2016;8;0;2415872;5.2;20.3;58.2
3106200;Belo Horizonte;2016;9;0;2415872;41.2;22.2;59.0
3106200;Belo Horizonte;2016;10;0;2415872;41.1;23.1;63.1
3106200;Belo Horizonte;2016;11;0;2415872;202.1;21.9;75.7
3106200;Belo Horizonte;2016;12;0;2415872;233.1;22.4;78.1
3106200;Belo Horizonte;2017;1;0;2415872;62.4;23.6;68.7
3106200;Belo Horizonte;2017;2;0;2415872;109.9;22.8;73.9
3106200;Belo Horizonte;2017;3;0;2415872;68.8;22.5;71.5
3106200;Belo Horizonte;2017;4;0;2415872;24.9;21.6;72.1
3106200;Belo Horizonte;2017;5;0;2415872;48.7;19.3;76.9
3106200;Belo Horizonte;2017;6;0;2415872;11.4;18.4;72.7
3106200;Belo Horizonte;2017;7;0;2415872;1.4;16.3;69.0
3106200;Belo Horizonte;2017;8;0;2415872;0.6;19.2;60.7
3106200;Belo Horizonte;2017;9;0;2415872;10.3;19.9;58.2
3106200;Belo Horizonte;2017;10;0;2415872;45.5;22.9;61.0
3106200;Belo Horizonte;2017;11;0;2415872;138.8;21.3;77.8
3106200;Belo Horizonte;2017;12;0;2415872;177.9;22.5;78.7
3106200;Belo Horizonte;2018;1;0;2415872;127.8;23.5;68.8
3106200;Belo Horizonte;2018;2;0;2415872;162.4;22.0;81.3
3106200;Belo Horizonte;2018;3;0;2415872;190.8;22.6;81.3
3106200;Belo Horizonte;2018;4;0;2415872;41.9;20.3;78.2
3106200;Belo Horizonte;2018;5;0;2415872;33.1;18.6;73.7
3106200;Belo Horizonte;2018;6;0;2415872;6.7;19.0;72.8
3106200;Belo Horizonte;2018;7;0;2415872;3.8;18.1;67.5
3106200;Belo Horizonte;2018;8;0;2415872;51.3;18.7;71.9
3106200;Belo Horizonte;2018;9;0;2415872;78.1;20.9;67.1
3106200;Belo Horizonte;2018;10;0;2415872;119.5;22.6;72.5
3106200;Belo Horizonte;2018;11;0;2415872;179.6;21.3;79.5
3106200;Belo Horizonte;2018;12;0;2415872;234.9;22.4;78.6
3106200;Belo Horizonte;2019;1;0;2415872;14.4;24.2;66.1
3106200;Belo Horizonte;2019;2;0;2415872;134.2;23.7;74.8
3106200;Belo Horizonte;2019;3;0;2415872;76.6;23.0;75.9
3106200;Belo Horizonte;2019;4;0;2415872;33.8;22.6;73.4
3106200;Belo Horizonte;2019;5;0;2415872;53.2;20.7;75.8
3106200;Belo Horizonte;2019;6;0;2415872;0.7;18.5;69.5
3106200;Belo Horizonte;2019;7;0;2415872;0.2;17.7;61.1
3106200;Belo Horizonte;2019;8;0;2415872;8.1;19.5;62.3
3106200;Belo Horizonte;2019;9;0;2415872;50.0;22.8;57.0
3106200;Belo Horizonte;2019;10;0;2415872;65.9;23.5;61.1
3106200;Belo Horizonte;2019;11;0;2415872;185.1;23.0;74.5
3106200;Belo Horizonte;2019;12;0;2415872;234.0;22.6;77.7
3106200;Belo Horizonte;2020;1;0;2415872;374.5;23.3;81.8
3106200;Belo Horizonte;2020;2;0;2415872;228.3;22.7;82.6
3106200;Belo Horizonte;2020;3;0;2415872;200.8;21.5;80.6
3106200;Belo Horizonte;2020;4;0;2415872;94.9;20.4;80.7
3106200;Belo Horizonte;2020;5;0;2415872;39.7;17.7;76.1
3106200;Belo Horizonte;2020;6;0;2415872;3.0;18.2;72.4
3106200;Belo Horizonte;2020;7;0;2415872;2.3;18.6;69.6
3106200;Belo Horizonte;2020;8;0;2415872;11.5;18.4;65.2
3106200;Belo Horizonte;2020;9;0;2415872;8.0;22.7;52.9
3106200;Belo Horizonte;2020;10;0;2415872;145.4;23.0;68.0
3106200;Belo Horizonte;2020;11;0;2415872;112.2;21.7;75.1
3106200;Belo Horizonte;2020;12;0;2415872;177.8;22.7;76.5
3106200;Belo Horizonte;2021;1;0;2415872;111.0;23.1;69.7
3106200;Belo Horizonte;2021;2;0;2415872;266.8;22.0;81.1
3106200;Belo Horizonte;2021;3;0;2415872;65.5;22.3;74.9
3106200;Belo Horizonte;2021;4;0;2415872;45.6;20.5;69.2
3106200;Belo Horizonte;2021;5;0;2415872;8.6;19.7;68.4
3106200;Belo Horizonte;2021;6;0;2415872;5.2;18.0;71.4
3106200;Belo Horizonte;2021;7;0;2415872;0.0;17.0;57.9
3106200;Belo Horizonte;2021;8;0;2415872;3.8;19.0;59.5
3106200;Belo Horizonte;2021;9;0;2415872;7.8;23.6;52.7
3106200;Belo Horizonte;2021;10;0;2415872;222.0;21.8;74.7
3106200;Belo Horizonte;2021;11;0;2415872;320.9;21.3;77.2
3106200;Belo Horizonte;2021;12;0;2415872;189.0;21.5;78.9
3106200;Belo Horizonte;2022;1;0;2415872;370.5;22.2;80.0
3106200;Belo Horizonte;2022;2;0;2415872;331.8;21.7;84.4
3106200;Belo Horizonte;2022;3;0;2415872;5.9;22.9;68.0
3106200;Belo Horizonte;2022;4;0;2415872;34.0;21.9;68.6
3106200;Belo Horizonte;2022;5;0;2415872;9.6;18.4;67.2
3106200;Belo Horizonte;2022;6;0;2415872;0.9;18.0;64.0
3106200;Belo Horizonte;2022;7;0;2415872;0.6;18.1;62.9
3106200;Belo Horizonte;2022;8;0;2415872;0.7;19.2;56.7
3106200;Belo Horizonte;2022;9;0;2415872;48.4;21.0;60.7
3106200;Belo Horizonte;2022;10;0;2415872;108.3;22.7;66.3
3106200;Belo Horizonte;2022;11;0;2415872;193.2;20.6;75.0
3106200;Belo Horizonte;2022;12;0;2415872;307.4;21.3;81.7
3106200;Belo Horizonte;2023;1;0;2415872;386.7;21.5;83.8
3106200;Belo Horizonte;2023;2;0;2415872;69.4;22.9;75.9
3106200;Belo Horizonte;2023;3;0;2415872;32.2;23.2;67.1
3106200;Belo Horizonte;2023;4;0;2415872;57.1;21.3;73.7
3106200;Belo Horizonte;2023;5;0;2415872;3.4;18.7;70.4
3106200;Belo Horizonte;2023;6;0;2415872;11.4;17.2;71.0
3106200;Belo Horizonte;2023;7;0;2415872;3.4;18.2;66.2
3106200;Belo Horizonte;2023;8;0;2415872;24.8;20.0;64.3
3106200;Belo Horizonte;2023;9;0;2415872;25.2;22.5;62.9
3106200;Belo Horizonte;2023;10;0;2415872;159.0;23.9;70.8
3106200;Belo Horizonte;2023;11;0;2415872;100.6;24.8;62.5
3106200;Belo Horizonte;2023;12;0;2415872;135.1;23.9;72.5
3106200;Belo Horizonte;2024;1;0;2415872;260.0;23.1;81.6
3106200;Belo Horizonte;2024;2;0;2415872;178.7;22.7;80.0
3106200;Belo Horizonte;2024;3;0;2415872;96.0;23.4;78.6
3106200;Belo Horizonte;2024;4;0;2415872;20.2;21.9;72.8
3106200;Belo Horizonte;2024;5;0;2415872;1.3;20.8;68.8
3106200;Belo Horizonte;2024;6;0;2415872;0.0;18.5;64.4
3106200;Belo Horizonte;2024;7;0;2415872;0.3;18.4;63.0
3106200;Belo Horizonte;2024;8;0;2415872;0.2;19.9;54.5
3106200;Belo Horizonte;2024;9;0;2415872;1.6;23.7;46.6
3106200;Belo Horizonte;2024;10;0;2415872;140.1;23.2;67.7
3106200;Belo Horizonte;2024;11;0;2415872;172.0;22.0;76.7
3106200;Belo Horizonte;2024;12;0;2415872;205.7;22.7;79.6
3106200;Belo Horizonte;2025;1;0;2415872;266.4;23.1;79.1
3106200;Belo Horizonte;2025;2;0;2415872;21.4;24.0;64.9
3106200;Belo Horizonte;2025;3;0;2415872;95.0;23.4;72.0
3106200;Belo Horizonte;2025;4;0;2415872;90.7;21.4;79.5
3106200;Belo Horizonte;2025;5;0;2415872;3.7;18.8;75.1
3106200;Belo Horizonte;2025;6;0;2415872;4.6;18.0;70.7
3106200;Belo Horizonte;2025;7;0;2415872;7.7;17.2;65.0
3106200;Belo Horizonte;2025;8;0;2415872;14.8;18.7;61.7
3106200;Belo Horizonte;2025;9;0;2415872;16.5;21.1;59.8
3106200;Belo Horizonte;2025;10;0;2415872;89.1;21.7;63.8
3106200;Belo Horizonte;2025;11;0;2415872;149.1;22.4;73.5
3118601;Contagem;2015;1;0;651718;61.6;24.4;58.2
3118601;Contagem;2015;2;0;651718;197.9;22.2;74.5
3118601;Contagem;2015;3;0;651718;107.9;22.1;75.2
3118601;Contagem;2015;4;0;651718;59.2;20.5;76.3
3118601;Contagem;2015;5;0;651718;50.9;18.3;76.7
3118601;Contagem;2015;6;0;651718;8.8;17.7;72.5
3118601;Contagem;2015;7;0;651718;0.8;18.4;67.7
3118601;Contagem;2015;8;0;651718;1.7;19.2;59.8
3118601;Contagem;2015;9;0;651718;46.2;22.6;58.6
3118601;Contagem;2015;10;0;651718;32.0;24.6;52.2
3118601;Contagem;2015;11;0;651718;175.0;24.0;68.0
3118601;Contagem;2015;12;0;651718;141.0;23.1;74.1
3118601;Contagem;2016;1;0;651718;399.0;21.9;80.2
3118601;Contagem;2016;2;0;651718;82.0;23.5;70.1
3118601;Contagem;2016;3;0;651718;95.0;22.6;73.8
3118601;Contagem;2016;4;0;651718;45.7;22.5;64.3
3118601;Contagem;2016;5;0;651718;9.9;19.2;73.4
3118601;Contagem;2016;6;0;651718;20.9;17.3;73.9
3118601;Contagem;2016;7;0;651718;0.4;18.3;62.8
3118601;Contagem;2016;8;0;651718;5.9;19.8;57.0
3118601;Contagem;2016;9;0;651718;42.1;21.5;58.9
3118601;Contagem;2016;10;0;651718;49.1;22.5;63.0
3118601;Contagem;2016;11;0;651718;210.2;21.2;76.0
3118601;Contagem;2016;12;0;651718;280.0;22.0;76.7
3118601;Contagem;2017;1;0;651718;55.2;23.6;66.1
3118601;Contagem;2017;2;0;651718;118.5;22.4;73.4
3118601;Contagem;2017;3;0;651718;75.4;22.3;69.8
3118601;Contagem;2017;4;0;651718;20.8;21.4;70.5
3118601;Contagem;2017;5;0;651718;41.9;19.3;74.4
3118601;Contagem;2017;6;0;651718;17.0;18.7;68.8
3118601;Contagem;2017;7;0;651718;1.3;16.7;63.6
3118601;Contagem;2017;8;0;651718;0.8;19.6;55.6
3118601;Contagem;2017;9;0;651718;7.5;20.0;55.0
3118601;Contagem;2017;10;0;651718;62.4;22.7;60.2
3118601;Contagem;2017;11;0;651718;147.5;20.7;78.0
3118601;Contagem;2017;12;0;651718;188.0;22.1;78.2
3118601;Contagem;2018;1;0;651718;160.5;23.1;68.2
3118601;Contagem;2018;2;0;651718;163.1;21.7;80.0
3118601;Contagem;2018;3;0;651718;179.8;22.4;79.0
3118601;Contagem;2018;4;0;651718;52.6;20.3;75.7
3118601;Contagem;2018;5;0;651718;41.6;18.9;69.5
3118601;Contagem;2018;6;0;651718;6.3;19.2;69.1
3118601;Contagem;2018;7;0;651718;3.4;18.9;60.4
3118601;Contagem;2018;8;0;651718;38.8;19.0;67.8
3118601;Contagem;2018;9;0;651718;65.6;21.1;63.5
3118601;Contagem;2018;10;0;651718;108.6;22.2;71.9
3118601;Contagem;2018;11;0;651718;191.1;20.7;79.5
3118601;Contagem;2018;12;0;651718;200.2;22.1;76.8
3118601;Contagem;2019;1;0;651718;25.3;24.1;63.6
3118601;Contagem;2019;2;0;651718;146.5;23.5;72.9
3118601;Contagem;2019;3;0;651718;91.9;22.6;75.5
3118601;Contagem;2019;4;0;651718;34.3;22.4;72.1
3118601;Contagem;2019;5;0;651718;51.2;20.9;72.7
3118601;Contagem;2019;6;0;651718;0.5;18.9;65.0
3118601;Contagem;2019;7;0;651718;0.2;18.1;57.5
3118601;Contagem;2019;8;0;651718;7.1;19.6;58.9
3118601;Contagem;2019;9;0;651718;52.7;22.7;55.2
3118601;Contagem;2019;10;0;651718;81.4;23.0;61.2
3118601;Contagem;2019;11;0;651718;198.7;22.6;74.0
3118601;Contagem;2019;12;0;651718;181.8;22.2;76.7
3118601;Contagem;2020;1;0;651718;324.1;22.9;80.7
3118601;Contagem;2020;2;0;651718;225.0;22.2;81.8
3118601;Contagem;2020;3;0;651718;183.3;21.2;79.0
3118601;Contagem;2020;4;0;651718;89.4;20.3;78.1
3118601;Contagem;2020;5;0;651718;46.8;17.8;73.0
3118601;Contagem;2020;6;0;651718;5.2;18.7;67.7
3118601;Contagem;2020;7;0;651718;0.8;18.7;66.9
3118601;Contagem;2020;8;0;651718;12.7;18.5;61.9
3118601;Contagem;2020;9;0;651718;7.3;22.7;50.4
3118601;Contagem;2020;10;0;651718;166.2;22.5;68.0
3118601;Contagem;2020;11;0;651718;114.6;21.1;75.6
3118601;Contagem;2020;12;0;651718;196.6;22.2;76.9
3118601;Contagem;2021;1;0;651718;102.0;22.7;69.1
3118601;Contagem;2021;2;0;651718;261.5;21.7;79.9
3118601;Contagem;2021;3;0;651718;66.7;22.2;72.2
3118601;Contagem;2021;4;0;651718;29.2;20.7;65.3
3118601;Contagem;2021;5;0;651718;4.5;20.0;64.6
3118601;Contagem;2021;6;0;651718;5.2;18.3;67.9
3118601;Contagem;2021;7;0;651718;0.0;17.4;53.3
3118601;Contagem;2021;8;0;651718;2.0;19.1;56.4
3118601;Contagem;2021;9;0;651718;3.1;23.5;50.6
3118601;Contagem;2021;10;0;651718;196.4;21.2;75.1
3118601;Contagem;2021;11;0;651718;297.7;20.8;77.2
3118601;Contagem;2021;12;0;651718;190.4;21.0;78.6
3118601;Contagem;2022;1;0;651718;435.9;21.7;79.4
3118601;Contagem;2022;2;0;651718;339.5;21.3;83.2
3118601;Contagem;2022;3;0;651718;6.2;23.2;63.1
3118601;Contagem;2022;4;0;651718;36.3;22.2;64.5
3118601;Contagem;2022;5;0;651718;29.4;18.3;65.5
3118601;Contagem;2022;6;0;651718;0.7;18.3;59.9
3118601;Contagem;2022;7;0;651718;0.3;18.5;58.1
3118601;Contagem;2022;8;0;651718;0.0;19.2;53.7
3118601;Contagem;2022;9;0;651718;42.2;20.7;59.5
3118601;Contagem;2022;10;0;651718;102.6;22.2;66.5
3118601;Contagem;2022;11;0;651718;233.8;20.1;75.4
3118601;Contagem;2022;12;0;651718;316.0;20.7;81.8
3118601;Contagem;2023;1;0;651718;395.6;21.1;82.9
3118601;Contagem;2023;2;0;651718;58.6;22.9;72.7
3118601;Contagem;2023;3;0;651718;37.1;23.3;63.9
3118601;Contagem;2023;4;0;651718;56.6;21.0;72.7
3118601;Contagem;2023;5;0;651718;1.6;19.1;65.3
3118601;Contagem;2023;6;0;651718;10.8;17.8;64.6
3118601;Contagem;2023;7;0;651718;6.0;18.8;60.3
3118601;Contagem;2023;8;0;651718;31.3;20.5;59.5
3118601;Contagem;2023;9;0;651718;24.7;22.7;59.0
3118601;Contagem;2023;10;0;651718;139.6;23.3;71.2
3118601;Contagem;2023;11;0;651718;94.4;24.5;62.1
3118601;Contagem;2023;12;0;651718;134.5;23.5;71.7
3118601;Contagem;2024;1;0;651718;245.3;22.7;80.2
3118601;Contagem;2024;2;0;651718;171.6;22.4;77.9
3118601;Contagem;2024;3;0;651718;103.3;23.3;76.4
3118601;Contagem;2024;4;0;651718;25.3;22.0;69.3
3118601;Contagem;2024;5;0;651718;0.5;21.7;60.6
3118601;Contagem;2024;6;0;651718;0.0;19.8;55.0
3118601;Contagem;2024;7;0;651718;0.7;19.6;53.6
3118601;Contagem;2024;8;0;651718;0.2;20.6;48.9
3118601;Contagem;2024;9;0;651718;0.7;23.8;43.4
3118601;Contagem;2024;10;0;651718;152.1;22.8;67.2
3118601;Contagem;2024;11;0;651718;121.5;21.6;75.9
3118601;Contagem;2024;12;0;651718;205.1;22.5;76.9
3118601;Contagem;2025;1;0;651718;226.8;22.8;77.5
3118601;Contagem;2025;2;0;651718;26.5;24.6;57.9
3118601;Contagem;2025;3;0;651718;64.7;23.7;66.4
3118601;Contagem;2025;4;0;651718;96.7;21.6;75.1
3118601;Contagem;2025;5;0;651718;2.8;19.8;65.4
3118601;Contagem;2025;6;0;651718;3.9;19.1;61.4
3118601;Contagem;2025;7;0;651718;11.4;18.4;55.2
3118601;Contagem;2025;8;0;651718;13.7;19.6;53.6
3118601;Contagem;2025;9;0;651718;14.3;21.4;55.4
3118601;Contagem;2025;10;0;651718;98.6;21.7;60.2
3118601;Contagem;2025;11;0;651718;141.6;22.0;72.2
3127701;Governador Valadares;2015;1;0;266561;1.0;29.1;51.7
3127701;Governador Valadares;2015;2;0;266561;114.9;27.5;65.9
3127701;Governador Valadares;2015;3;0;266561;49.3;27.5;65.2
3127701;Governador Valadares;2015;4;0;266561;36.8;26.0;65.8
3127701;Governador Valadares;2015;5;0;266561;22.3;23.6;69.8
3127701;Governador Valadares;2015;6;0;266561;11.2;22.9;69.0
3127701;Governador Valadares;2015;7;0;266561;3.9;22.7;68.6
3127701;Governador Valadares;2015;8;0;266561;3.3;23.3;60.7
3127701;Governador Valadares;2015;9;0;266561;1.4;27.5;50.8
3127701;Governador Valadares;2015;10;0;266561;16.2;28.0;52.6
3127701;Governador Valadares;2015;11;0;266561;133.5;28.7;60.8
3127701;Governador Valadares;2015;12;0;266561;64.6;28.9;59.9
3127701;Governador Valadares;2016;1;0;266561;381.6;26.7;74.1
3127701;Governador Valadares;2016;2;0;266561;13.7;28.4;62.8
3127701;Governador Valadares;2016;3;0;266561;22.1;28.4;61.9
3127701;Governador Valadares;2016;4;0;266561;39.9;27.7;59.7
3127701;Governador Valadares;2016;5;0;266561;14.5;24.2;68.9
3127701;Governador Valadares;2016;6;0;266561;17.8;22.7;68.0
3127701;Governador Valadares;2016;7;0;266561;2.7;22.6;63.7
3127701;Governador Valadares;2016;8;0;266561;6.4;24.1;58.3
3127701;Governador Valadares;2016;9;0;266561;13.5;25.7;56.8
3127701;Governador Valadares;2016;10;0;266561;51.6;26.0;62.1
3127701;Governador Valadares;2016;11;0;266561;287.6;25.4;71.8
3127701;Governador Valadares;2016;12;0;266561;110.1;26.4;73.1
3127701;Governador Valadares;2017;1;0;266561;43.2;28.0;62.8
3127701;Governador Valadares;2017;2;0;266561;142.7;26.6;72.9
3127701;Governador Valadares;2017;3;0;266561;133.4;27.5;64.9
3127701;Governador Valadares;2017;4;0;266561;35.5;25.3;72.0
3127701;Governador Valadares;2017;5;0;266561;52.4;23.7;72.6
3127701;Governador Valadares;2017;6;0;266561;11.1;23.2;69.8
3127701;Governador Valadares;2017;7;0;266561;14.7;20.6;70.2
3127701;Governador Valadares;2017;8;0;266561;3.6;21.8;63.5
3127701;Governador Valadares;2017;9;0;266561;9.3;23.1;63.0
3127701;Governador Valadares;2017;10;0;266561;40.3;26.8;58.7
3127701;Governador Valadares;2017;11;0;266561;135.8;25.0;74.9
3127701;Governador Valadares;2017;12;0;266561;200.2;25.8;77.6
3127701;Governador Valadares;2018;1;0;266561;124.8;27.4;67.8
3127701;Governador Valadares;2018;2;0;266561;216.8;25.9;78.5
3127701;Governador Valadares;2018;3;0;266561;131.7;26.5;78.1
3127701;Governador Valadares;2018;4;0;266561;105.2;23.9;80.1
3127701;Governador Valadares;2018;5;0;266561;33.1;22.6;76.1
3127701;Governador Valadares;2018;6;0;266561;12.0;22.4;76.1
3127701;Governador Valadares;2018;7;0;266561;5.6;22.2;68.1
3127701;Governador Valadares;2018;8;0;266561;26.6;23.5;68.6
3127701;Governador Valadares;2018;9;0;266561;8.5;25.3;61.6
3127701;Governador Valadares;2018;10;0;266561;66.1;26.6;64.6
3127701;Governador Valadares;2018;11;0;266561;142.4;25.2;75.7
3127701;Governador Valadares;2018;12;0;266561;291.8;26.0;76.5
3127701;Governador Valadares;2019;1;0;266561;7.2;28.1;62.8
3127701;Governador Valadares;2019;2;0;266561;90.0;28.4;67.9
3127701;Governador Valadares;2019;3;0;266561;73.9;27.5;70.1
3127701;Governador Valadares;2019;4;0;266561;41.2;26.6;74.4
3127701;Governador Valadares;2019;5;0;266561;38.8;25.0;73.5
3127701;Governador Valadares;2019;6;0;266561;10.1;23.1;70.2
3127701;Governador Valadares;2019;7;0;266561;3.2;22.0;64.1
3127701;Governador Valadares;2019;8;0;266561;17.3;23.1;62.7
3127701;Governador Valadares;2019;9;0;266561;18.5;25.4;58.4
3127701;Governador Valadares;2019;10;0;266561;22.8;26.6;60.9
3127701;Governador Valadares;2019;11;0;266561;144.8;26.7;68.4
3127701;Governador Valadares;2019;12;0;266561;189.1;26.8;69.3
3127701;Governador Valadares;2020;1;0;266561;333.8;27.4;73.7
3127701;Governador Valadares;2020;2;0;266561;130.5;27.0;75.8
3127701;Governador Valadares;2020;3;0;266561;225.3;24.8;80.4
3127701;Governador Valadares;2020;4;0;266561;48.5;24.5;76.6
3127701;Governador Valadares;2020;5;0;266561;67.4;22.0;76.5
3127701;Governador Valadares;2020;6;0;266561;8.2;21.4;76.8
3127701;Governador Valadares;2020;7;0;266561;26.0;21.7;73.5
3127701;Governador Valadares;2020;8;0;266561;27.6;21.6;72.3
3127701;Governador Valadares;2020;9;0;266561;8.0;25.7;57.8
3127701;Governador Valadares;2020;10;0;266561;194.3;26.3;68.3
3127701;Governador Valadares;2020;11;0;266561;108.8;24.8;76.4
3127701;Governador Valadares;2020;12;0;266561;106.1;26.5;72.7
3127701;Governador Valadares;2021;1;0;266561;33.9;27.8;60.6
3127701;Governador Valadares;2021;2;0;266561;322.8;26.1;76.2
3127701;Governador Valadares;2021;3;0;266561;53.3;26.2;72.2
3127701;Governador Valadares;2021;4;0;266561;57.0;24.6;70.7
3127701;Governador Valadares;2021;5;0;266561;3.7;23.8;66.4
3127701;Governador Valadares;2021;6;0;266561;8.3;22.2;68.9
3127701;Governador Valadares;2021;7;0;266561;3.1;21.5;61.4
3127701;Governador Valadares;2021;8;0;266561;10.3;22.8;61.9
3127701;Governador Valadares;2021;9;0;266561;7.9;26.3;56.8
3127701;Governador Valadares;2021;10;0;266561;171.6;25.3;71.8
3127701;Governador Valadares;2021;11;0;266561;143.4;24.6;75.5
3127701;Governador Valadares;2021;12;0;266561;322.9;24.9;79.2
3127701;Governador Valadares;2022;1;0;266561;146.0;26.4;74.0
3127701;Governador Valadares;2022;2;0;266561;319.9;25.7;80.9
3127701;Governador Valadares;2022;3;0;266561;21.0;26.6;69.9
3127701;Governador Valadares;2022;4;0;266561;28.1;26.3;66.4
3127701;Governador Valadares;2022;5;0;266561;20.1;23.2;66.2
3127701;Governador Valadares;2022;6;0;266561;4.1;21.3;67.5
3127701;Governador Valadares;2022;7;0;266561;7.8;22.1;68.8
3127701;Governador Valadares;2022;8;0;266561;4.0;23.0;57.4
3127701;Governador Valadares;2022;9;0;266561;21.1;24.0;62.1
3127701;Governador Valadares;2022;10;0;266561;115.7;26.0;66.4
3127701;Governador Valadares;2022;11;0;266561;354.6;24.1;76.2
3127701;Governador Valadares;2022;12;0;266561;358.7;24.7;81.3
3127701;Governador Valadares;2023;1;0;266561;404.6;25.6;80.6
3127701;Governador Valadares;2023;2;0;266561;31.4;27.1;70.0
3127701;Governador Valadares;2023;3;0;266561;34.4;27.4;64.6
3127701;Governador Valadares;2023;4;0;266561;160.6;25.5;73.4
3127701;Governador Valadares;2023;5;0;266561;27.9;22.2;76.3
3127701;Governador Valadares;2023;6;0;266561;9.7;21.4;73.5
3127701;Governador Valadares;2023;7;0;266561;28.8;21.7;69.6
3127701;Governador Valadares;2023;8;0;266561;48.5;23.1;70.5
3127701;Governador Valadares;2023;9;0;266561;22.9;25.0;66.3
3127701;Governador Valadares;2023;10;0;266561;43.7;27.5;62.7
3127701;Governador Valadares;2023;11;0;266561;14.7;29.2;54.0
3127701;Governador Valadares;2023;12;0;266561;103.1;28.7;61.9
3127701;Governador Valadares;2024;1;0;266561;278.4;26.9;76.2
3127701;Governador Valadares;2024;2;0;266561;244.5;26.2;79.3
3127701;Governador Valadares;2024;3;0;266561;161.7;27.3;74.4
3127701;Governador Valadares;2024;4;0;266561;17.1;26.3;69.2
3127701;Governador Valadares;2024;5;0;266561;17.3;25.1;68.7
3127701;Governador Valadares;2024;6;0;266561;9.8;23.0;68.1
3127701;Governador Valadares;2024;7;0;266561;4.7;23.3;61.8
3127701;Governador Valadares;2024;8;0;266561;12.4;23.8;58.3
3127701;Governador Valadares;2024;9;0;266561;3.1;26.6;52.9
3127701;Governador Valadares;2024;10;0;266561;184.2;26.3;67.2
3127701;Governador Valadares;2024;11;0;266561;206.9;25.3;76.3
3127701;Governador Valadares;2024;12;0;266561;209.5;26.0;80.5
3127701;Governador Valadares;2025;1;0;266561;354.0;26.1;79.7
3127701;Governador Valadares;2025;2;0;266561;25.1;28.6;60.3
3127701;Governador Valadares;2025;3;0;266561;89.8;27.8;65.8
3127701;Governador Valadares;2025;4;0;266561;121.5;26.2;71.2
3127701;Governador Valadares;2025;5;0;266561;24.5;23.6;74.5
3127701;Governador Valadares;2025;6;0;266561;15.9;22.1;73.2
3127701;Governador Valadares;2025;7;0;266561;5.9;21.6;66.9
3127701;Governador Valadares;2025;8;0;266561;6.5;22.9;61.4
3127701;Governador Valadares;2025;9;0;266561;34.4;24.7;57.9
3127701;Governador Valadares;2025;10;0;266561;147.0;25.6;60.4
3127701;Governador Valadares;2025;11;0;266561;101.9;25.3;72.6
3136702;Juiz de Fora;2015;1;0;567730;151.7;24.1;72.4
3136702;Juiz de Fora;2015;2;0;567730;224.6;22.9;79.4
3136702;Juiz de Fora;2015;3;0;567730;223.0;22.2;82.3
3136702;Juiz de Fora;2015;4;0;567730;29.2;20.5;80.2
3136702;Juiz de Fora;2015;5;0;567730;56.5;18.2;82.1
3136702;Juiz de Fora;2015;6;0;567730;19.2;17.1;81.0
3136702;Juiz de Fora;2015;7;0;567730;52.7;17.9;79.2
3136702;Juiz de Fora;2015;8;0;567730;16.1;18.1;73.7
3136702;Juiz de Fora;2015;9;0;567730;126.9;20.7;75.5
3136702;Juiz de Fora;2015;10;0;567730;82.4;22.2;71.9
3136702;Juiz de Fora;2015;11;0;567730;332.3;23.0;82.5
3136702;Juiz de Fora;2015;12;0;567730;333.9;23.2;80.7
3136702;Juiz de Fora;2016;1;0;567730;345.6;22.5;82.1
3136702;Juiz de Fora;2016;2;0;567730;234.7;24.0;77.7
3136702;Juiz de Fora;2016;3;0;567730;140.5;22.8;81.0
3136702;Juiz de Fora;2016;4;0;567730;49.2;22.1;75.3
3136702;Juiz de Fora;2016;5;0;567730;18.6;18.6;80.0
3136702;Juiz de Fora;2016;6;0;567730;62.5;16.3;82.4
3136702;Juiz de Fora;2016;7;0;567730;5.4;17.0;75.7
3136702;Juiz de Fora;2016;8;0;567730;23.7;18.4;71.1
3136702;Juiz de Fora;2016;9;0;567730;69.0;19.9;72.7
3136702;Juiz de Fora;2016;10;0;567730;111.1;20.2;79.6
3136702;Juiz de Fora;2016;11;0;567730;346.2;20.8;81.0
3136702;Juiz de Fora;2016;12;0;567730;290.5;22.9;78.0
3136702;Juiz de Fora;2017;1;0;567730;127.0;23.6;77.5
3136702;Juiz de Fora;2017;2;0;567730;134.8;22.8;78.2
3136702;Juiz de Fora;2017;3;0;567730;152.6;21.6;80.4
3136702;Juiz de Fora;2017;4;0;567730;40.6;20.0;82.7
3136702;Juiz de Fora;2017;5;0;567730;77.9;18.1;83.9
3136702;Juiz de Fora;2017;6;0;567730;27.8;17.7;80.5
3136702;Juiz de Fora;2017;7;0;567730;5.8;15.6;79.8
3136702;Juiz de Fora;2017;8;0;567730;18.5;16.9;77.1
3136702;Juiz de Fora;2017;9;0;567730;11.5;19.3;67.9
3136702;Juiz de Fora;2017;10;0;567730;78.4;21.8;71.1
3136702;Juiz de Fora;2017;11;0;567730;165.7;20.5;78.5
3136702;Juiz de Fora;2017;12;0;567730;189.6;22.0;82.3
3136702;Juiz de Fora;2018;1;0;567730;143.5;22.9;78.9
3136702;Juiz de Fora;2018;2;0;567730;185.5;21.9;83.3
3136702;Juiz de Fora;2018;3;0;567730;176.5;22.8;83.4
3136702;Juiz de Fora;2018;4;0;567730;75.5;20.1;83.2
3136702;Juiz de Fora;2018;5;0;567730;29.3;18.3;81.2
3136702;Juiz de Fora;2018;6;0;567730;16.9;18.3;80.6
3136702;Juiz de Fora;2018;7;0;567730;20.0;17.7;75.9
3136702;Juiz de Fora;2018;8;0;567730;76.7;17.1;82.5
3136702;Juiz de Fora;2018;9;0;567730;54.3;19.4;78.6
3136702;Juiz de Fora;2018;10;0;567730;108.9;20.5;82.9
3136702;Juiz de Fora;2018;11;0;567730;275.7;20.5;84.7
3136702;Juiz de Fora;2018;12;0;567730;167.1;22.3;80.2
3136702;Juiz de Fora;2019;1;0;567730;64.4;24.6;73.1
3136702;Juiz de Fora;2019;2;0;567730;173.2;23.3;79.4
3136702;Juiz de Fora;2019;3;0;567730;151.7;22.4;83.6
3136702;Juiz de Fora;2019;4;0;567730;49.1;21.8;81.7
3136702;Juiz de Fora;2019;5;0;567730;49.2;20.1;81.0
3136702;Juiz de Fora;2019;6;0;567730;4.5;18.2;79.3
3136702;Juiz de Fora;2019;7;0;567730;8.6;16.6;74.2
3136702;Juiz de Fora;2019;8;0;567730;25.7;17.3;76.3
3136702;Juiz de Fora;2019;9;0;567730;57.0;20.5;71.5
3136702;Juiz de Fora;2019;10;0;567730;87.5;21.1;78.7
3136702;Juiz de Fora;2019;11;0;567730;160.2;21.1;82.4
3136702;Juiz de Fora;2019;12;0;567730;150.2;22.0;81.7
3136702;Juiz de Fora;2020;1;0;567730;246.4;22.9;83.3
3136702;Juiz de Fora;2020;2;0;567730;332.4;22.2;85.1
3136702;Juiz de Fora;2020;3;0;567730;157.6;21.0;83.8
3136702;Juiz de Fora;2020;4;0;567730;53.1;19.6;82.6
3136702;Juiz de Fora;2020;5;0;567730;38.0;17.5;77.5
3136702;Juiz de Fora;2020;6;0;567730;14.2;18.3;78.0
3136702;Juiz de Fora;2020;7;0;567730;16.6;18.1;76.4
3136702;Juiz de Fora;2020;8;0;567730;22.8;17.7;74.2
3136702;Juiz de Fora;2020;9;0;567730;34.5;21.6;66.0
3136702;Juiz de Fora;2020;10;0;567730;75.2;21.0;78.9
3136702;Juiz de Fora;2020;11;0;567730;221.6;20.5;83.3
3136702;Juiz de Fora;2020;12;0;567730;296.1;22.5;83.1
3136702;Juiz de Fora;2021;1;0;567730;202.0;23.1;76.0
3136702;Juiz de Fora;2021;2;0;567730;296.8;22.1;82.5
3136702;Juiz de Fora;2021;3;0;567730;114.0;22.5;79.3
3136702;Juiz de Fora;2021;4;0;567730;70.4;19.2;79.9
3136702;Juiz de Fora;2021;5;0;567730;29.8;18.4;79.1
3136702;Juiz de Fora;2021;6;0;567730;18.0;16.7;83.0
3136702;Juiz de Fora;2021;7;0;567730;8.1;15.3;73.5
3136702;Juiz de Fora;2021;8;0;567730;25.4;17.9;72.7
3136702;Juiz de Fora;2021;9;0;567730;18.3;20.9;72.3
3136702;Juiz de Fora;2021;10;0;567730;236.9;19.5;84.6
3136702;Juiz de Fora;2021;11;0;567730;207.3;19.9;80.4
3136702;Juiz de Fora;2021;12;0;567730;357.6;20.7;84.6
3136702;Juiz de Fora;2022;1;0;567730;285.6;22.4;81.9
3136702;Juiz de Fora;2022;2;0;567730;385.5;21.8;85.6
3136702;Juiz de Fora;2022;3;0;567730;43.5;22.9;73.8
3136702;Juiz de Fora;2022;4;0;567730;65.1;20.6;80.2
3136702;Juiz de Fora;2022;5;0;567730;29.3;17.8;74.6
3136702;Juiz de Fora;2022;6;0;567730;10.5;16.7;78.0
3136702;Juiz de Fora;2022;7;0;567730;5.3;17.5;72.7
3136702;Juiz de Fora;2022;8;0;567730;11.2;17.3;72.2
3136702;Juiz de Fora;2022;9;0;567730;100.3;18.0;76.0
3136702;Juiz de Fora;2022;10;0;567730;128.3;21.0;79.4
3136702;Juiz de Fora;2022;11;0;567730;217.5;19.3;83.3
3136702;Juiz de Fora;2022;12;0;567730;257.0;20.9;84.3
3136702;Juiz de Fora;2023;1;0;567730;306.7;21.8;84.4
3136702;Juiz de Fora;2023;2;0;567730;202.5;23.0;81.0
3136702;Juiz de Fora;2023;3;0;567730;63.8;22.5;79.2
3136702;Juiz de Fora;2023;4;0;567730;88.9;20.1;81.9
3136702;Juiz de Fora;2023;5;0;567730;15.2;17.9;81.0
3136702;Juiz de Fora;2023;6;0;567730;19.6;17.0;74.9
3136702;Juiz de Fora;2023;7;0;567730;12.6;16.8;78.3
3136702;Juiz de Fora;2023;8;0;567730;50.9;18.7;74.8
3136702;Juiz de Fora;2023;9;0;567730;24.1;21.1;70.7
3136702;Juiz de Fora;2023;10;0;567730;187.2;22.0;81.5
3136702;Juiz de Fora;2023;11;0;567730;108.1;23.2;73.9
3136702;Juiz de Fora;2023;12;0;567730;97.6;23.0;78.7
3136702;Juiz de Fora;2024;1;0;567730;225.7;22.8;83.3
3136702;Juiz de Fora;2024;2;0;567730;241.4;22.8;83.2
3136702;Juiz de Fora;2024;3;0;567730;188.3;22.7;83.7
3136702;Juiz de Fora;2024;4;0;567730;14.4;21.3;78.7
3136702;Juiz de Fora;2024;5;0;567730;10.8;20.5;74.9
3136702;Juiz de Fora;2024;6;0;567730;2.0;18.2;73.6
3136702;Juiz de Fora;2024;7;0;567730;6.0;17.6;74.6
3136702;Juiz de Fora;2024;8;0;567730;22.6;17.8;68.6
3136702;Juiz de Fora;2024;9;0;567730;19.8;21.4;66.2
3136702;Juiz de Fora;2024;10;0;567730;114.8;20.9;77.5
3136702;Juiz de Fora;2024;11;0;567730;222.9;21.1;81.4
3136702;Juiz de Fora;2024;12;0;567730;205.2;22.3;83.3
3136702;Juiz de Fora;2025;1;0;567730;240.6;22.7;82.9
3136702;Juiz de Fora;2025;2;0;567730;17.3;24.4;69.7
3136702;Juiz de Fora;2025;3;0;567730;158.2;22.5;81.6
3136702;Juiz de Fora;2025;4;0;567730;92.1;20.3;85.2
3136702;Juiz de Fora;2025;5;0;567730;15.4;18.4;80.9
3136702;Juiz de Fora;2025;6;0;567730;11.5;17.2;79.8
3136702;Juiz de Fora;2025;7;0;567730;17.7;15.8;77.5
3136702;Juiz de Fora;2025;8;0;567730;17.6;17.2;75.7
3136702;Juiz de Fora;2025;9;0;567730;37.6;18.7;75.7
3136702;Juiz de Fora;2025;10;0;567730;71.8;19.9;74.6
3136702;Juiz de Fora;2025;11;0;567730;71.0;20.7;78.8
3143302;Montes Claros;2015;1;0;437601;3.2;27.6;45.0
3143302;Montes Claros;2015;2;0;437601;141.1;25.1;64.4
3143302;Montes Claros;2015;3;0;437601;69.2;25.5;64.3
3143302;Montes Claros;2015;4;0;437601;33.8;24.8;64.7
3143302;Montes Claros;2015;5;0;437601;3.7;22.9;62.3
3143302;Montes Claros;2015;6;0;437601;0.6;22.2;58.4
3143302;Montes Claros;2015;7;0;437601;0.8;22.5;54.8
3143302;Montes Claros;2015;8;0;437601;0.9;22.8;50.0
3143302;Montes Claros;2015;9;0;437601;0.2;27.8;35.0
3143302;Montes Claros;2015;10;0;437601;18.3;28.2;40.1
3143302;Montes Claros;2015;11;0;437601;79.6;27.7;54.3
3143302;Montes Claros;2015;12;0;437601;25.1;27.8;50.8
3143302;Montes Claros;2016;1;0;437601;286.4;23.9;79.9
3143302;Montes Claros;2016;2;0;437601;7.0;26.5;58.2
3143302;Montes Claros;2016;3;0;437601;16.0;26.8;55.7
3143302;Montes Claros;2016;4;0;437601;0.6;26.8;48.3
3143302;Montes Claros;2016;5;0;437601;0.4;24.5;53.7
3143302;Montes Claros;2016;6;0;437601;2.6;22.6;55.1
3143302;Montes Claros;2016;7;0;437601;1.0;22.7;51.3
3143302;Montes Claros;2016;8;0;437601;4.0;24.0;48.7
3143302;Montes Claros;2016;9;0;437601;9.5;26.1;43.1
3143302;Montes Claros;2016;10;0;437601;79.1;25.8;54.9
3143302;Montes Claros;2016;11;0;437601;205.2;24.2;70.1
3143302;Montes Claros;2016;12;0;437601;149.3;24.6;70.7
3143302;Montes Claros;2017;1;0;437601;31.8;26.2;55.5
3143302;Montes Claros;2017;2;0;437601;114.1;24.2;71.5
3143302;Montes Claros;2017;3;0;437601;55.2;25.4;60.9
3143302;Montes Claros;2017;4;0;437601;4.3;24.6;61.6
3143302;Montes Claros;2017;5;0;437601;22.8;22.9;63.3
3143302;Montes Claros;2017;6;0;437601;1.7;21.9;58.0
3143302;Montes Claros;2017;7;0;437601;1.7;19.4;58.2
3143302;Montes Claros;2017;8;0;437601;0.1;22.2;47.7
3143302;Montes Claros;2017;9;0;437601;1.1;22.6;50.2
3143302;Montes Claros;2017;10;0;437601;36.5;26.0;47.3
3143302;Montes Claros;2017;11;0;437601;110.3;23.9;71.0
3143302;Montes Claros;2017;12;0;437601;233.9;23.8;75.6
3143302;Montes Claros;2018;1;0;437601;56.5;25.1;63.8
3143302;Montes Claros;2018;2;0;437601;291.2;23.7;77.1
3143302;Montes Claros;2018;3;0;437601;113.4;24.3;75.3
3143302;Montes Claros;2018;4;0;437601;21.4;23.0;69.0
3143302;Montes Claros;2018;5;0;437601;10.7;21.9;64.4
3143302;Montes Claros;2018;6;0;437601;0.2;21.5;62.1
3143302;Montes Claros;2018;7;0;437601;1.1;20.7;55.9
3143302;Montes Claros;2018;8;0;437601;6.2;23.2;52.7
3143302;Montes Claros;2018;9;0;437601;2.9;24.9;46.8
3143302;Montes Claros;2018;10;0;437601;78.8;26.1;58.3
3143302;Montes Claros;2018;11;0;437601;102.9;23.7;71.8
3143302;Montes Claros;2018;12;0;437601;224.2;23.7;75.0
3143302;Montes Claros;2019;1;0;437601;1.9;25.8;56.8
3143302;Montes Claros;2019;2;0;437601;80.0;25.8;66.2
3143302;Montes Claros;2019;3;0;437601;83.7;25.0;70.2
3143302;Montes Claros;2019;4;0;437601;18.7;24.9;69.2
3143302;Montes Claros;2019;5;0;437601;9.0;24.1;62.9
3143302;Montes Claros;2019;6;0;437601;1.9;21.8;58.8
3143302;Montes Claros;2019;7;0;437601;0.3;21.0;52.2
3143302;Montes Claros;2019;8;0;437601;2.1;22.6;52.4
3143302;Montes Claros;2019;9;0;437601;4.7;25.3;45.8
3143302;Montes Claros;2019;10;0;437601;48.3;26.6;48.0
3143302;Montes Claros;2019;11;0;437601;99.5;26.8;56.3
3143302;Montes Claros;2019;12;0;437601;97.7;25.7;63.3
3143302;Montes Claros;2020;1;0;437601;304.7;24.7;74.2
3143302;Montes Claros;2020;2;0;437601;98.2;24.8;75.4
3143302;Montes Claros;2020;3;0;437601;198.5;23.3;79.6
3143302;Montes Claros;2020;4;0;437601;62.0;22.8;76.7
3143302;Montes Claros;2020;5;0;437601;17.0;20.6;71.3
3143302;Montes Claros;2020;6;0;437601;2.2;20.1;66.4
3143302;Montes Claros;2020;7;0;437601;0.6;20.6;59.1
3143302;Montes Claros;2020;8;0;437601;1.5;21.6;54.4
3143302;Montes Claros;2020;9;0;437601;2.1;24.8;43.4
3143302;Montes Claros;2020;10;0;437601;113.6;26.2;56.9
3143302;Montes Claros;2020;11;0;437601;97.1;23.5;71.7
3143302;Montes Claros;2020;12;0;437601;109.4;24.7;67.0
3143302;Montes Claros;2021;1;0;437601;46.7;25.8;57.6
3143302;Montes Claros;2021;2;0;437601;201.3;23.7;77.3
3143302;Montes Claros;2021;3;0;437601;37.7;23.6;68.2
3143302;Montes Claros;2021;4;0;437601;26.8;22.9;67.2
3143302;Montes Claros;2021;5;0;437601;0.7;21.8;60.8
3143302;Montes Claros;2021;6;0;437601;1.6;20.7;59.7
3143302;Montes Claros;2021;7;0;437601;0.2;20.2;51.5
3143302;Montes Claros;2021;8;0;437601;0.2;21.3;50.7
3143302;Montes Claros;2021;9;0;437601;1.9;26.0;40.4
3143302;Montes Claros;2021;10;0;437601;112.7;25.4;61.1
3143302;Montes Claros;2021;11;0;437601;289.4;23.0;77.4
3143302;Montes Claros;2021;12;0;437601;306.6;23.1;81.4
3143302;Montes Claros;2022;1;0;437601;201.8;23.6;76.2
3143302;Montes Claros;2022;2;0;437601;193.3;23.5;78.8
3143302;Montes Claros;2022;3;0;437601;3.7;24.6;62.6
3143302;Montes Claros;2022;4;0;437601;40.9;24.1;62.3
3143302;Montes Claros;2022;5;0;437601;5.2;21.2;59.9
3143302;Montes Claros;2022;6;0;437601;0.0;20.4;55.6
3143302;Montes Claros;2022;7;0;437601;0.6;20.7;55.7
3143302;Montes Claros;2022;8;0;437601;0.5;22.2;46.7
3143302;Montes Claros;2022;9;0;437601;11.6;24.5;47.8
3143302;Montes Claros;2022;10;0;437601;42.5;25.6;53.5
3143302;Montes Claros;2022;11;0;437601;293.7;23.0;73.3
3143302;Montes Claros;2022;12;0;437601;328.5;22.8;80.8
3143302;Montes Claros;2023;1;0;437601;196.3;23.2;79.3
3143302;Montes Claros;2023;2;0;437601;4.0;25.2;62.4
3143302;Montes Claros;2023;3;0;437601;10.2;25.0;58.9
3143302;Montes Claros;2023;4;0;437601;52.7;24.8;62.4
3143302;Montes Claros;2023;5;0;437601;0.4;22.1;60.7
3143302;Montes Claros;2023;6;0;437601;0.1;21.0;58.0
3143302;Montes Claros;2023;7;0;437601;6.5;21.7;53.1
3143302;Montes Claros;2023;8;0;437601;70.2;23.4;52.1
3143302;Montes Claros;2023;9;0;437601;1.6;25.9;48.2
3143302;Montes Claros;2023;10;0;437601;69.4;27.2;52.9
3143302;Montes Claros;2023;11;0;437601;28.2;28.4;45.0
3143302;Montes Claros;2023;12;0;437601;75.4;27.1;55.9
3143302;Montes Claros;2024;1;0;437601;251.4;24.8;75.8
3143302;Montes Claros;2024;2;0;437601;322.3;24.0;77.0
3143302;Montes Claros;2024;3;0;437601;29.3;25.9;69.4
3143302;Montes Claros;2024;4;0;437601;24.4;23.8;70.8
3143302;Montes Claros;2024;5;0;437601;0.5;22.7;64.4
3143302;Montes Claros;2024;6;0;437601;1.0;21.2;61.0
3143302;Montes Claros;2024;7;0;437601;0.1;20.8;54.5
3143302;Montes Claros;2024;8;0;437601;0.4;22.8;48.9
3143302;Montes Claros;2024;9;0;437601;0.0;25.4;40.1
3143302;Montes Claros;2024;10;0;437601;76.4;26.1;58.8
3143302;Montes Claros;2024;11;0;437601;282.6;23.7;75.9
3143302;Montes Claros;2024;12;0;437601;104.9;24.5;76.7
3143302;Montes Claros;2025;1;0;437601;276.4;24.4;78.5
3143302;Montes Claros;2025;2;0;437601;7.5;25.9;59.0
3143302;Montes Claros;2025;3;0;437601;45.7;26.2;60.3
3143302;Montes Claros;2025;4;0;437601;103.5;24.8;69.2
3143302;Montes Claros;2025;5;0;437601;2.5;22.6;63.3
3143302;Montes Claros;2025;6;0;437601;4.7;21.7;59.6
3143302;Montes Claros;2025;7;0;437601;0.9;21.2;52.4
3143302;Montes Claros;2025;8;0;437601;0.0;22.7;47.4
3143302;Montes Claros;2025;9;0;437601;4.7;24.7;45.2
3143302;Montes Claros;2025;10;0;437601;54.4;25.0;51.5
3143302;Montes Claros;2025;11;0;437601;47.4;25.8;61.2
3154606;Ribeirão das Neves;2015;1;0;346971;36.6;25.4;57.1
3154606;Ribeirão das Neves;2015;2;0;346971;175.9;23.1;73.7
3154606;Ribeirão das Neves;2015;3;0;346971;80.7;23.1;74.2
3154606;Ribeirão das Neves;2015;4;0;346971;46.3;21.5;75.3
3154606;Ribeirão das Neves;2015;5;0;346971;40.3;19.3;75.6
3154606;Ribeirão das Neves;2015;6;0;346971;7.1;18.7;71.7
3154606;Ribeirão das Neves;2015;7;0;346971;0.2;19.4;66.9
3154606;Ribeirão das Neves;2015;8;0;346971;2.8;20.2;59.1
3154606;Ribeirão das Neves;2015;9;0;346971;25.7;23.8;56.4
3154606;Ribeirão das Neves;2015;10;0;346971;28.8;25.6;51.3
3154606;Ribeirão das Neves;2015;11;0;346971;166.5;25.0;67.1
3154606;Ribeirão das Neves;2015;12;0;346971;102.4;24.0;73.2
3154606;Ribeirão das Neves;2016;1;0;346971;306.5;22.8;80.1
3154606;Ribeirão das Neves;2016;2;0;346971;43.3;24.4;69.1
3154606;Ribeirão das Neves;2016;3;0;346971;59.7;23.6;72.1
3154606;Ribeirão das Neves;2016;4;0;346971;47.8;23.6;62.6
3154606;Ribeirão das Neves;2016;5;0;346971;10.7;20.2;72.6
3154606;Ribeirão das Neves;2016;6;0;346971;12.4;18.3;72.7
3154606;Ribeirão das Neves;2016;7;0;346971;0.0;19.4;62.1
3154606;Ribeirão das Neves;2016;8;0;346971;5.2;20.8;56.3
3154606;Ribeirão das Neves;2016;9;0;346971;41.2;22.6;57.6
3154606;Ribeirão das Neves;2016;10;0;346971;41.1;23.4;62.6
3154606;Ribeirão das Neves;2016;11;0;346971;202.1;22.1;75.6
3154606;Ribeirão das Neves;2016;12;0;346971;233.1;22.8;76.4
3154606;Ribeirão das Neves;2017;1;0;346971;56.9;24.1;67.3
3154606;Ribeirão das Neves;2017;2;0;346971;119.3;23.0;74.1
3154606;Ribeirão das Neves;2017;3;0;346971;70.9;22.9;70.4
3154606;Ribeirão das Neves;2017;4;0;346971;24.0;21.9;71.8
3154606;Ribeirão das Neves;2017;5;0;346971;43.9;19.6;77.0
3154606;Ribeirão das Neves;2017;6;0;346971;10.4;18.7;72.6
3154606;Ribeirão das Neves;2017;7;0;346971;1.8;16.6;68.6
3154606;Ribeirão das Neves;2017;8;0;346971;1.6;19.6;59.6
3154606;Ribeirão das Neves;2017;9;0;346971;8.7;20.3;57.9
3154606;Ribeirão das Neves;2017;10;0;346971;53.3;23.2;60.9
3154606;Ribeirão das Neves;2017;11;0;346971;140.0;21.6;78.0
3154606;Ribeirão das Neves;2017;12;0;346971;182.5;22.7;79.6
3154606;Ribeirão das Neves;2018;1;0;346971;163.9;23.5;70.6
3154606;Ribeirão das Neves;2018;2;0;346971;187.2;22.3;81.3
3154606;Ribeirão das Neves;2018;3;0;346971;140.3;22.9;80.8
3154606;Ribeirão das Neves;2018;4;0;346971;48.3;20.7;77.8
3154606;Ribeirão das Neves;2018;5;0;346971;29.9;19.0;73.1
3154606;Ribeirão das Neves;2018;6;0;346971;4.4;19.1;73.6
3154606;Ribeirão das Neves;2018;7;0;346971;2.8;18.4;67.1
3154606;Ribeirão das Neves;2018;8;0;346971;36.5;19.3;70.7
3154606;Ribeirão das Neves;2018;9;0;346971;61.6;21.4;66.0
3154606;Ribeirão das Neves;2018;10;0;346971;97.4;22.9;72.3
3154606;Ribeirão das Neves;2018;11;0;346971;219.9;21.4;80.3
3154606;Ribeirão das Neves;2018;12;0;346971;212.9;22.6;78.6
3154606;Ribeirão das Neves;2019;1;0;346971;24.5;24.5;65.4
3154606;Ribeirão das Neves;2019;2;0;346971;160.0;23.9;75.3
3154606;Ribeirão das Neves;2019;3;0;346971;88.7;23.2;76.9
3154606;Ribeirão das Neves;2019;4;0;346971;34.6;22.7;74.9
3154606;Ribeirão das Neves;2019;5;0;346971;36.6;21.0;76.4
3154606;Ribeirão das Neves;2019;6;0;346971;0.6;18.9;69.2
3154606;Ribeirão das Neves;2019;7;0;346971;0.1;17.9;62.2
3154606;Ribeirão das Neves;2019;8;0;346971;7.1;19.9;62.0
3154606;Ribeirão das Neves;2019;9;0;346971;47.9;23.0;57.2
3154606;Ribeirão das Neves;2019;10;0;346971;76.5;23.7;60.7
3154606;Ribeirão das Neves;2019;11;0;346971;214.9;23.2;74.6
3154606;Ribeirão das Neves;2019;12;0;346971;213.2;22.8;77.9
3154606;Ribeirão das Neves;2020;1;0;346971;319.3;23.5;81.9
3154606;Ribeirão das Neves;2020;2;0;346971;198.8;22.9;83.0
3154606;Ribeirão das Neves;2020;3;0;346971;197.0;21.8;80.4
3154606;Ribeirão das Neves;2020;4;0;346971;94.1;20.8;79.8
3154606;Ribeirão das Neves;2020;5;0;346971;46.9;18.1;75.2
3154606;Ribeirão das Neves;2020;6;0;346971;5.4;18.6;72.2
3154606;Ribeirão das Neves;2020;7;0;346971;2.0;18.8;70.1
3154606;Ribeirão das Neves;2020;8;0;346971;14.6;18.7;65.1
3154606;Ribeirão das Neves;2020;9;0;346971;5.9;22.8;53.7
3154606;Ribeirão das Neves;2020;10;0;346971;170.7;23.1;69.2
3154606;Ribeirão das Neves;2020;11;0;346971;105.5;21.9;75.4
3154606;Ribeirão das Neves;2020;12;0;346971;187.3;22.9;77.4
3154606;Ribeirão das Neves;2021;1;0;346971;129.8;23.3;70.5
3154606;Ribeirão das Neves;2021;2;0;346971;267.2;22.3;81.4
3154606;Ribeirão das Neves;2021;3;0;346971;61.8;22.7;74.0
3154606;Ribeirão das Neves;2021;4;0;346971;25.0;20.9;68.8
3154606;Ribeirão das Neves;2021;5;0;346971;3.0;20.0;69.0
3154606;Ribeirão das Neves;2021;6;0;346971;4.8;18.4;71.8
3154606;Ribeirão das Neves;2021;7;0;346971;0.0;17.0;59.9
3154606;Ribeirão das Neves;2021;8;0;346971;2.6;19.3;58.8
3154606;Ribeirão das Neves;2021;9;0;346971;1.4;23.8;52.8
3154606;Ribeirão das Neves;2021;10;0;346971;210.7;22.1;74.7
3154606;Ribeirão das Neves;2021;11;0;346971;351.6;21.5;77.9
3154606;Ribeirão das Neves;2021;12;0;346971;208.0;21.7;79.8
3154606;Ribeirão das Neves;2022;1;0;346971;378.7;22.5;79.8
3154606;Ribeirão das Neves;2022;2;0;346971;382.0;21.9;84.6
3154606;Ribeirão das Neves;2022;3;0;346971;9.2;23.6;65.3
3154606;Ribeirão das Neves;2022;4;0;346971;37.7;22.4;67.3
3154606;Ribeirão das Neves;2022;5;0;346971;14.8;18.5;68.1
3154606;Ribeirão das Neves;2022;6;0;346971;0.4;18.1;65.0
3154606;Ribeirão das Neves;2022;7;0;346971;0.3;18.3;63.2
3154606;Ribeirão das Neves;2022;8;0;346971;0.8;19.5;55.9
3154606;Ribeirão das Neves;2022;9;0;346971;50.8;21.2;61.0
3154606;Ribeirão das Neves;2022;10;0;346971;123.1;22.7;67.7
3154606;Ribeirão das Neves;2022;11;0;346971;260.1;20.8;75.9
3154606;Ribeirão das Neves;2022;12;0;346971;297.6;21.4;82.5
3154606;Ribeirão das Neves;2023;1;0;346971;387.8;21.8;84.2
3154606;Ribeirão das Neves;2023;2;0;346971;73.2;23.4;74.5
3154606;Ribeirão das Neves;2023;3;0;346971;41.8;23.7;65.7
3154606;Ribeirão das Neves;2023;4;0;346971;51.5;21.7;73.3
3154606;Ribeirão das Neves;2023;5;0;346971;2.3;19.0;70.7
3154606;Ribeirão das Neves;2023;6;0;346971;10.3;17.4;71.1
3154606;Ribeirão das Neves;2023;7;0;346971;3.8;18.6;65.7
3154606;Ribeirão das Neves;2023;8;0;346971;24.2;20.5;62.8
3154606;Ribeirão das Neves;2023;9;0;346971;32.0;22.8;62.4
3154606;Ribeirão das Neves;2023;10;0;346971;134.4;23.9;72.0
3154606;Ribeirão das Neves;2023;11;0;346971;96.3;24.9;63.7
3154606;Ribeirão das Neves;2023;12;0;346971;154.9;24.0;73.3
3154606;Ribeirão das Neves;2024;1;0;346971;247.7;23.3;82.0
3154606;Ribeirão das Neves;2024;2;0;346971;206.8;22.9;79.6
3154606;Ribeirão das Neves;2024;3;0;346971;125.9;23.7;78.2
3154606;Ribeirão das Neves;2024;4;0;346971;32.5;22.5;71.4
3154606;Ribeirão das Neves;2024;5;0;346971;0.4;21.4;66.3
3154606;Ribeirão das Neves;2024;6;0;346971;0.0;19.4;61.3
3154606;Ribeirão das Neves;2024;7;0;346971;0.3;19.4;58.0
3154606;Ribeirão das Neves;2024;8;0;346971;0.4;20.7;51.4
3154606;Ribeirão das Neves;2024;9;0;346971;0.9;24.2;44.2
3154606;Ribeirão das Neves;2024;10;0;346971;120.9;23.5;67.2
3154606;Ribeirão das Neves;2024;11;0;346971;138.4;22.4;75.3
3154606;Ribeirão das Neves;2024;12;0;346971;193.8;23.1;77.9
3154606;Ribeirão das Neves;2025;1;0;346971;225.2;23.1;80.1
3154606;Ribeirão das Neves;2025;2;0;346971;18.8;24.3;63.7
3154606;Ribeirão das Neves;2025;3;0;346971;86.1;24.1;68.5
3154606;Ribeirão das Neves;2025;4;0;346971;88.8;22.3;75.3
3154606;Ribeirão das Neves;2025;5;0;346971;3.2;20.4;66.0
3154606;Ribeirão das Neves;2025;6;0;346971;1.9;19.3;63.8
3154606;Ribeirão das Neves;2025;7;0;346971;1.1;18.7;56.7
3154606;Ribeirão das Neves;2025;8;0;346971;8.7;19.9;55.1
3154606;Ribeirão das Neves;2025;9;0;346971;17.8;22.2;54.8
3154606;Ribeirão das Neves;2025;10;0;346971;75.9;22.5;59.6
3154606;Ribeirão das Neves;2025;11;0;346971;151.1;22.8;72.3
3170107;Uberaba;2015;1;0;356781;107.6;26.0;64.6
3170107;Uberaba;2015;2;0;356781;272.2;23.6;79.0
3170107;Uberaba;2015;3;0;356781;335.3;22.8;84.1
3170107;Uberaba;2015;4;0;356781;81.2;22.9;78.4
3170107;Uberaba;2015;5;0;356781;88.5;20.7;76.1
3170107;Uberaba;2015;6;0;356781;27.0;20.4;69.8
3170107;Uberaba;2015;7;0;356781;11.5;21.4;63.4
3170107;Uberaba;2015;8;0;356781;4.5;22.8;46.4
3170107;Uberaba;2015;9;0;356781;101.4;25.0;55.4
3170107;Uberaba;2015;10;0;356781;88.1;27.8;50.5
3170107;Uberaba;2015;11;0;356781;193.0;25.1;77.0
3170107;Uberaba;2015;12;0;356781;268.7;24.6;77.4
3170107;Uberaba;2016;1;0;356781;361.4;23.6;83.6
3170107;Uberaba;2016;2;0;356781;173.4;24.8;78.4
3170107;Uberaba;2016;3;0;356781;234.1;24.1;79.0
3170107;Uberaba;2016;4;0;356781;13.3;24.5;59.7
3170107;Uberaba;2016;5;0;356781;8.2;22.2;65.9
3170107;Uberaba;2016;6;0;356781;46.1;19.6;68.1
3170107;Uberaba;2016;7;0;356781;0.0;21.7;48.6
3170107;Uberaba;2016;8;0;356781;19.6;22.9;49.2
3170107;Uberaba;2016;9;0;356781;1.8;25.4;45.4
3170107;Uberaba;2016;10;0;356781;148.1;24.7;64.9
3170107;Uberaba;2016;11;0;356781;287.2;23.3;77.3
3170107;Uberaba;2016;12;0;356781;318.8;24.1;77.7
3170107;Uberaba;2017;1;0;356781;209.6;24.1;77.2
3170107;Uberaba;2017;2;0;356781;88.3;24.2;73.1
3170107;Uberaba;2017;3;0;356781;87.2;24.1;72.4
3170107;Uberaba;2017;4;0;356781;80.7;23.3;71.0
3170107;Uberaba;2017;5;0;356781;34.8;22.1;70.2
3170107;Uberaba;2017;6;0;356781;6.5;20.3;63.2
3170107;Uberaba;2017;7;0;356781;0.3;19.1;53.4
3170107;Uberaba;2017;8;0;356781;3.8;23.0;46.8
3170107;Uberaba;2017;9;0;356781;27.5;25.0;35.5
3170107;Uberaba;2017;10;0;356781;86.6;25.9;52.5
3170107;Uberaba;2017;11;0;356781;206.5;23.6;73.3
3170107;Uberaba;2017;12;0;356781;174.1;23.7;78.0
3170107;Uberaba;2018;1;0;356781;196.2;24.0;75.4
3170107;Uberaba;2018;2;0;356781;143.6;23.4;78.9
3170107;Uberaba;2018;3;0;356781;78.3;24.7;74.0
3170107;Uberaba;2018;4;0;356781;47.6;22.4;70.7
3170107;Uberaba;2018;5;0;356781;17.6;21.1;60.9
3170107;Uberaba;2018;6;0;356781;2.5;21.8;60.3
3170107;Uberaba;2018;7;0;356781;3.6;21.3;49.8
3170107;Uberaba;2018;8;0;356781;17.6;22.0;54.7
3170107;Uberaba;2018;9;0;356781;46.9;24.0;53.3
3170107;Uberaba;2018;10;0;356781;96.3;24.7;71.1
3170107;Uberaba;2018;11;0;356781;306.9;23.1;78.3
3170107;Uberaba;2018;12;0;356781;191.5;24.3;74.3
3170107;Uberaba;2019;1;0;356781;78.6;25.3;68.6
3170107;Uberaba;2019;2;0;356781;220.5;24.2;77.6
3170107;Uberaba;2019;3;0;356781;179.9;23.7;78.8
3170107;Uberaba;2019;4;0;356781;115.6;23.1;76.0
3170107;Uberaba;2019;5;0;356781;31.1;21.8;72.1
3170107;Uberaba;2019;6;0;356781;0.2;20.4;59.2
3170107;Uberaba;2019;7;0;356781;6.1;19.8;54.1
3170107;Uberaba;2019;8;0;356781;5.2;22.0;52.9
3170107;Uberaba;2019;9;0;356781;36.7;26.5;43.4
3170107;Uberaba;2019;10;0;356781;73.9;25.5;58.9
3170107;Uberaba;2019;11;0;356781;177.6;24.7;73.6
3170107;Uberaba;2019;12;0;356781;202.6;23.9;78.2
3170107;Uberaba;2020;1;0;356781;332.1;24.2;81.3
3170107;Uberaba;2020;2;0;356781;352.5;23.5;83.3
3170107;Uberaba;2020;3;0;356781;99.8;23.5;74.3
3170107;Uberaba;2020;4;0;356781;52.1;22.7;69.6
3170107;Uberaba;2020;5;0;356781;22.5;19.5;65.8
3170107;Uberaba;2020;6;0;356781;1.7;21.2;61.4
3170107;Uberaba;2020;7;0;356781;0.3;21.6;49.7
3170107;Uberaba;2020;8;0;356781;3.4;22.6;42.7
3170107;Uberaba;2020;9;0;356781;26.1;26.1;38.0
3170107;Uberaba;2020;10;0;356781;171.1;25.9;58.8
3170107;Uberaba;2020;11;0;356781;89.2;23.9;65.3
3170107;Uberaba;2020;12;0;356781;267.3;23.8;79.2
3170107;Uberaba;2021;1;0;356781;158.7;24.4;72.8
3170107;Uberaba;2021;2;0;356781;112.4;23.6;76.8
3170107;Uberaba;2021;3;0;356781;71.6;24.0;71.1
3170107;Uberaba;2021;4;0;356781;29.4;22.4;61.4
3170107;Uberaba;2021;5;0;356781;10.1;21.5;60.4
3170107;Uberaba;2021;6;0;356781;5.4;20.2;61.8
3170107;Uberaba;2021;7;0;356781;0.6;19.4;41.7
3170107;Uberaba;2021;8;0;356781;0.7;23.5;38.1
3170107;Uberaba;2021;9;0;356781;2.1;27.7;36.0
3170107;Uberaba;2021;10;0;356781;215.5;24.0;70.8
3170107;Uberaba;2021;11;0;356781;190.4;24.0;69.8
3170107;Uberaba;2021;12;0;356781;179.3;23.5;74.9
3170107;Uberaba;2022;1;0;356781;253.2;23.3;78.7
3170107;Uberaba;2022;2;0;356781;211.5;23.3;78.9
3170107;Uberaba;2022;3;0;356781;133.8;24.5;68.9
3170107;Uberaba;2022;4;0;356781;72.4;23.6;65.6
3170107;Uberaba;2022;5;0;356781;43.9;19.6;64.4
3170107;Uberaba;2022;6;0;356781;3.9;20.0;61.0
3170107;Uberaba;2022;7;0;356781;0.0;21.6;44.8
3170107;Uberaba;2022;8;0;356781;6.7;22.3;43.3
3170107;Uberaba;2022;9;0;356781;90.4;24.1;51.4
3170107;Uberaba;2022;10;0;356781;83.6;24.5;61.3
3170107;Uberaba;2022;11;0;356781;112.4;22.8;69.0
3170107;Uberaba;2022;12;0;356781;294.8;22.9;79.0
3170107;Uberaba;2023;1;0;356781;376.3;22.7;82.0
3170107;Uberaba;2023;2;0;356781;154.9;23.7;78.3
3170107;Uberaba;2023;3;0;356781;147.1;23.6;74.9
3170107;Uberaba;2023;4;0;356781;150.7;21.9;77.3
3170107;Uberaba;2023;5;0;356781;19.1;20.5;62.1
3170107;Uberaba;2023;6;0;356781;4.4;19.1;63.3
3170107;Uberaba;2023;7;0;356781;5.4;20.7;53.2
3170107;Uberaba;2023;8;0;356781;20.1;23.1;49.9
3170107;Uberaba;2023;9;0;356781;41.6;26.2;50.5
3170107;Uberaba;2023;10;0;356781;144.4;26.1;65.0
3170107;Uberaba;2023;11;0;356781;109.9;26.5;57.7
3170107;Uberaba;2023;12;0;356781;156.9;25.8;67.8
3170107;Uberaba;2024;1;0;356781;211.9;24.1;76.7
3170107;Uberaba;2024;2;0;356781;112.5;24.2;75.0
3170107;Uberaba;2024;3;0;356781;289.0;24.4;79.0
3170107;Uberaba;2024;4;0;356781;25.4;24.0;68.4
3170107;Uberaba;2024;5;0;356781;2.8;22.2;60.3
3170107;Uberaba;2024;6;0;356781;0.0;21.0;52.5
3170107;Uberaba;2024;7;0;356781;0.5;21.5;46.2
3170107;Uberaba;2024;8;0;356781;1.1;22.2;41.1
3170107;Uberaba;2024;9;0;356781;2.1;27.5;30.8
3170107;Uberaba;2024;10;0;356781;204.6;25.8;61.1
3170107;Uberaba;2024;11;0;356781;190.1;23.8;75.0
3170107;Uberaba;2024;12;0;356781;300.0;23.9;78.9
3170107;Uberaba;2025;1;0;356781;183.5;24.0;78.1
3170107;Uberaba;2025;2;0;356781;121.8;24.8;69.3
3170107;Uberaba;2025;3;0;356781;92.6;25.2;65.2
3170107;Uberaba;2025;4;0;356781;130.6;23.1;77.2
3170107;Uberaba;2025;5;0;356781;10.3;21.1;64.7
3170107;Uberaba;2025;6;0;356781;30.0;20.2;63.1
3170107;Uberaba;2025;7;0;356781;2.0;20.4;50.9
3170107;Uberaba;2025;8;0;356781;16.2;22.2;42.2
3170107;Uberaba;2025;9;0;356781;25.0;25.0;43.4
3170107;Uberaba;2025;10;0;356781;128.6;24.3;56.2
3170107;Uberaba;2025;11;0;356781;95.4;24.1;69.1
3170206;Uberlândia;2015;1;0;761835;90.1;25.1;64.6
3170206;Uberlândia;2015;2;0;761835;204.2;22.8;79.4
3170206;Uberlândia;2015;3;0;761835;198.4;22.2;84.3
3170206;Uberlândia;2015;4;0;761835;75.0;22.2;80.9
3170206;Uberlândia;2015;5;0;761835;69.2;20.0;77.7
3170206;Uberlândia;2015;6;0;761835;14.4;19.6;69.9
3170206;Uberlândia;2015;7;0;761835;6.9;20.4;63.8
3170206;Uberlândia;2015;8;0;761835;0.7;21.8;47.3
3170206;Uberlândia;2015;9;0;761835;59.6;24.7;52.5
3170206;Uberlândia;2015;10;0;761835;56.3;27.4;48.3
3170206;Uberlândia;2015;11;0;761835;135.9;24.7;74.7
3170206;Uberlândia;2015;12;0;761835;168.8;24.1;75.8
3170206;Uberlândia;2016;1;0;761835;430.1;22.6;86.1
3170206;Uberlândia;2016;2;0;761835;111.0;24.0;78.8
3170206;Uberlândia;2016;3;0;761835;156.8;23.4;79.5
3170206;Uberlândia;2016;4;0;761835;14.6;23.6;61.7
3170206;Uberlândia;2016;5;0;761835;6.9;22.0;63.9
3170206;Uberlândia;2016;6;0;761835;15.5;19.7;62.6
3170206;Uberlândia;2016;7;0;761835;0.0;20.7;49.3
3170206;Uberlândia;2016;8;0;761835;10.8;22.0;50.0
3170206;Uberlândia;2016;9;0;761835;4.2;25.0;44.4
3170206;Uberlândia;2016;10;0;761835;233.1;23.9;64.8
3170206;Uberlândia;2016;11;0;761835;234.0;22.6;78.2
3170206;Uberlândia;2016;12;0;761835;240.6;23.3;78.7
3170206;Uberlândia;2017;1;0;761835;152.1;23.3;78.5
3170206;Uberlândia;2017;2;0;761835;87.0;23.1;77.3
3170206;Uberlândia;2017;3;0;761835;70.0;23.2;74.9
3170206;Uberlândia;2017;4;0;761835;61.6;22.5;73.4
3170206;Uberlândia;2017;5;0;761835;22.7;21.2;72.0
3170206;Uberlândia;2017;6;0;761835;1.7;19.7;63.8
3170206;Uberlândia;2017;7;0;761835;0.0;18.2;55.4
3170206;Uberlândia;2017;8;0;761835;0.4;21.9;48.4
3170206;Uberlândia;2017;9;0;761835;24.3;23.1;41.2
3170206;Uberlândia;2017;10;0;761835;81.5;24.8;53.9
3170206;Uberlândia;2017;11;0;761835;172.3;22.4;77.9
3170206;Uberlândia;2017;12;0;761835;143.7;22.7;81.7
3170206;Uberlândia;2018;1;0;761835;166.6;23.0;76.8
3170206;Uberlândia;2018;2;0;761835;159.8;22.5;81.6
3170206;Uberlândia;2018;3;0;761835;80.8;23.6;77.6
3170206;Uberlândia;2018;4;0;761835;44.6;21.7;73.7
3170206;Uberlândia;2018;5;0;761835;14.7;20.0;65.4
3170206;Uberlândia;2018;6;0;761835;1.0;20.5;63.7
3170206;Uberlândia;2018;7;0;761835;0.0;19.8;54.5
3170206;Uberlândia;2018;8;0;761835;7.0;21.2;55.9
3170206;Uberlândia;2018;9;0;761835;30.6;23.0;54.1
3170206;Uberlândia;2018;10;0;761835;128.7;24.1;71.6
3170206;Uberlândia;2018;11;0;761835;258.4;22.0;82.7
3170206;Uberlândia;2018;12;0;761835;160.5;23.3;77.3
3170206;Uberlândia;2019;1;0;761835;45.6;24.6;68.2
3170206;Uberlândia;2019;2;0;761835;188.7;23.6;78.7
3170206;Uberlândia;2019;3;0;761835;137.0;22.9;81.1
3170206;Uberlândia;2019;4;0;761835;100.1;22.3;78.3
3170206;Uberlândia;2019;5;0;761835;20.9;21.6;71.2
3170206;Uberlândia;2019;6;0;761835;0.0;19.8;59.9
3170206;Uberlândia;2019;7;0;761835;0.8;19.3;53.2
3170206;Uberlândia;2019;8;0;761835;2.9;21.8;50.3
3170206;Uberlândia;2019;9;0;761835;35.1;25.8;42.2
3170206;Uberlândia;2019;10;0;761835;54.6;24.9;57.8
3170206;Uberlândia;2019;11;0;761835;188.1;24.1;74.1
3170206;Uberlândia;2019;12;0;761835;233.2;22.9;81.4
3170206;Uberlândia;2020;1;0;761835;369.6;23.3;84.4
3170206;Uberlândia;2020;2;0;761835;228.2;22.5;86.6
3170206;Uberlândia;2020;3;0;761835;113.1;22.6;78.4
3170206;Uberlândia;2020;4;0;761835;43.8;21.9;72.8
3170206;Uberlândia;2020;5;0;761835;17.1;18.9;67.5
3170206;Uberlândia;2020;6;0;761835;1.1;20.2;63.4
3170206;Uberlândia;2020;7;0;761835;0.0;20.6;52.3
3170206;Uberlândia;2020;8;0;761835;2.2;21.5;45.5
3170206;Uberlândia;2020;9;0;761835;15.0;25.1;37.7
3170206;Uberlândia;2020;10;0;761835;147.6;25.5;57.9
3170206;Uberlândia;2020;11;0;761835;78.9;23.6;63.0
3170206;Uberlândia;2020;12;0;761835;205.3;23.6;76.7
3170206;Uberlândia;2021;1;0;761835;129.2;23.8;71.8
3170206;Uberlândia;2021;2;0;761835;209.5;22.7;80.3
3170206;Uberlândia;2021;3;0;761835;59.2;23.1;72.9
3170206;Uberlândia;2021;4;0;761835;22.2;22.3;58.9
3170206;Uberlândia;2021;5;0;761835;6.4;21.4;57.6
3170206;Uberlândia;2021;6;0;761835;4.1;20.2;57.8
3170206;Uberlândia;2021;7;0;761835;0.4;18.9;41.7
3170206;Uberlândia;2021;8;0;761835;2.4;22.6;39.1
3170206;Uberlândia;2021;9;0;761835;8.5;26.8;35.8
3170206;Uberlândia;2021;10;0;761835;160.7;23.6;70.0
3170206;Uberlândia;2021;11;0;761835;177.0;23.0;73.0
3170206;Uberlândia;2021;12;0;761835;166.3;22.9;76.5
3170206;Uberlândia;2022;1;0;761835;210.3;22.5;80.8
3170206;Uberlândia;2022;2;0;761835;185.0;22.3;82.1
3170206;Uberlândia;2022;3;0;761835;73.3;23.5;70.7
3170206;Uberlândia;2022;4;0;761835;27.6;23.2;64.1
3170206;Uberlândia;2022;5;0;761835;23.6;19.2;63.1
3170206;Uberlândia;2022;6;0;761835;6.5;19.6;59.6
3170206;Uberlândia;2022;7;0;761835;0.0;20.3;47.9
3170206;Uberlândia;2022;8;0;761835;13.4;21.4;44.4
3170206;Uberlândia;2022;9;0;761835;78.7;23.9;48.6
3170206;Uberlândia;2022;10;0;761835;85.3;24.0;60.5
3170206;Uberlândia;2022;11;0;761835;118.0;22.3;69.1
3170206;Uberlândia;2022;12;0;761835;343.0;22.1;81.4
3170206;Uberlândia;2023;1;0;761835;320.1;21.8;84.7
3170206;Uberlândia;2023;2;0;761835;77.4;23.1;78.7
3170206;Uberlândia;2023;3;0;761835;71.4;23.0;74.3
3170206;Uberlândia;2023;4;0;761835;109.9;21.6;77.5
3170206;Uberlândia;2023;5;0;761835;10.7;20.2;60.1
3170206;Uberlândia;2023;6;0;761835;6.6;18.7;61.3
3170206;Uberlândia;2023;7;0;761835;3.3;20.4;51.7
3170206;Uberlândia;2023;8;0;761835;33.3;22.6;49.4
3170206;Uberlândia;2023;9;0;761835;26.6;25.8;49.9
3170206;Uberlândia;2023;10;0;761835;131.1;25.8;64.1
3170206;Uberlândia;2023;11;0;761835;70.4;26.0;58.1
3170206;Uberlândia;2023;12;0;761835;126.0;25.0;69.7
3170206;Uberlândia;2024;1;0;761835;192.3;23.6;77.4
3170206;Uberlândia;2024;2;0;761835;132.4;23.4;77.1
3170206;Uberlândia;2024;3;0;761835;206.9;23.9;79.5
3170206;Uberlândia;2024;4;0;761835;26.0;23.3;70.6
3170206;Uberlândia;2024;5;0;761835;1.8;22.1;58.7
3170206;Uberlândia;2024;6;0;761835;0.2;20.5;52.9
3170206;Uberlândia;2024;7;0;761835;0.0;21.0;45.1
3170206;Uberlândia;2024;8;0;761835;0.0;21.9;39.3
3170206;Uberlândia;2024;9;0;761835;10.9;26.5;31.2
3170206;Uberlândia;2024;10;0;761835;183.4;24.9;64.6
3170206;Uberlândia;2024;11;0;761835;210.2;23.0;78.2
3170206;Uberlândia;2024;12;0;761835;249.4;23.3;79.4
3170206;Uberlândia;2025;1;0;761835;204.7;23.4;79.9
3170206;Uberlândia;2025;2;0;761835;99.7;24.5;67.8
3170206;Uberlândia;2025;3;0;761835;96.4;24.7;66.4
3170206;Uberlândia;2025;4;0;761835;132.5;22.8;78.1
3170206;Uberlândia;2025;5;0;761835;1.6;21.2;62.6
3170206;Uberlândia;2025;6;0;761835;17.9;20.3;60.5
3170206;Uberlândia;2025;7;0;761835;1.7;20.3;49.3
3170206;Uberlândia;2025;8;0;761835;9.2;22.2;39.4
3170206;Uberlândia;2025;9;0;761835;44.1;24.9;42.1
3170206;Uberlândia;2025;10;0;761835;87.9;24.2;54.5
3170206;Uberlândia;2025;11;0;761835;80.5;24.2;65.8
