id;year;month;municipality_code_ibge;municipality_name;dengue_cases;estimated_population;rainfall_mm;average_temperature;average_humidity
1;2015;1;3106200;Belo Horizonte;592;2415872;36.6;25.1;59.3
2;2015;2;3106200;Belo Horizonte;801;2415872;175.9;22.8;74.7
3;2015;3;3106200;Belo Horizonte;3920;2415872;80.7;22.9;74.0
4;2015;4;3106200;Belo Horizonte;8918;2415872;46.3;21.3;74.7
5;2015;5;3106200;Belo Horizonte;10646;2415872;40.3;19.1;75.0
6;2015;6;3106200;Belo Horizonte;3014;2415872;7.1;18.5;71.2
7;2015;7;3106200;Belo Horizonte;882;2415872;0.2;18.9;69.0
8;2015;8;3106200;Belo Horizonte;614;2415872;2.8;19.6;62.3
9;2015;9;3106200;Belo Horizonte;466;2415872;25.7;23.4;57.8
10;2015;10;3106200;Belo Horizonte;433;2415872;28.8;25.1;53.2
11;2015;11;3106200;Belo Horizonte;1256;2415872;166.5;24.8;67.5
12;2015;12;3106200;Belo Horizonte;3029;2415872;102.4;23.8;73.5
13;2016;1;3106200;Belo Horizonte;22677;2415872;306.5;22.6;79.6
14;2016;2;3106200;Belo Horizonte;52456;2415872;43.3;23.9;72.3
15;2016;3;3106200;Belo Horizonte;54111;2415872;59.7;23.2;74.0
16;2016;4;3106200;Belo Horizonte;42332;2415872;47.8;23.1;66.0
17;2016;5;3106200;Belo Horizonte;15246;2415872;10.7;20.1;71.5
18;2016;6;3106200;Belo Horizonte;1738;2415872;12.4;18.1;72.7
19;2016;7;3106200;Belo Horizonte;697;2415872;0.0;18.9;64.1
20;2016;8;3106200;Belo Horizonte;424;2415872;5.2;20.3;58.2
21;2016;9;3106200;Belo Horizonte;425;2415872;41.2;22.2;59.0
22;2016;10;3106200;Belo Horizonte;807;2415872;41.1;23.1;63.1
23;2016;11;3106200;Belo Horizonte;932;2415872;202.1;21.9;75.7
24;2016;12;3106200;Belo Horizonte;1822;2415872;233.1;22.4;78.1
25;2017;1;3106200;Belo Horizonte;2847;2415872;62.4;23.6;68.7
26;2017;2;3106200;Belo Horizonte;1758;2415872;109.9;22.8;73.9
27;2017;3;3106200;Belo Horizonte;1531;2415872;68.8;22.5;71.5
28;2017;4;3106200;Belo Horizonte;1225;2415872;24.9;21.6;72.1
29;2017;5;3106200;Belo Horizonte;664;2415872;48.7;19.3;76.9
30;2017;6;3106200;Belo Horizonte;440;2415872;11.4;18.4;72.7
31;2017;7;3106200;Belo Horizonte;298;2415872;1.4;16.3;69.0
32;2017;8;3106200;Belo Horizonte;342;2415872;0.6;19.2;60.7
33;2017;9;3106200;Belo Horizonte;571;2415872;10.3;19.9;58.2
34;2017;10;3106200;Belo Horizonte;966;2415872;45.5;22.9;61.0
35;2017;11;3106200;Belo Horizonte;746;2415872;138.8;21.3;77.8
36;2017;12;3106200;Belo Horizonte;841;2415872;177.9;22.5;78.7
37;2017;12;3106200;Belo Horizonte;268;2415872;177.9;22.5;78.7
38;2018;1;3106200;Belo Horizonte;1267;2415872;127.8;23.5;68.8
39;2018;2;3106200;Belo Horizonte;975;2415872;162.4;22.0;81.3
40;2018;3;3106200;Belo Horizonte;866;2415872;190.8;22.6;81.3
41;2018;4;3106200;Belo Horizonte;771;2415872;41.9;20.3;78.2
42;2018;5;3106200;Belo Horizonte;411;2415872;33.1;18.6;73.7
43;2018;6;3106200;Belo Horizonte;338;2415872;6.7;19.0;72.8
44;2018;7;3106200;Belo Horizonte;355;2415872;3.8;18.1;67.5
45;2018;8;3106200;Belo Horizonte;275;2415872;51.3;18.7;71.9
46;2018;9;3106200;Belo Horizonte;484;2415872;78.1;20.9;67.1
47;2018;10;3106200;Belo Horizonte;511;2415872;119.5;22.6;72.5
48;2018;11;3106200;Belo Horizonte;616;2415872;179.6;21.3;79.5
49;2018;12;3106200;Belo Horizonte;807;2415872;234.9;22.4;78.6
50;2018;12;3106200;Belo Horizonte;278;2415872;234.9;22.4;78.6
51;2019;1;3106200;Belo Horizonte;1624;2415872;14.4;24.2;66.1
52;2019;2;3106200;Belo Horizonte;3761;2415872;134.2;23.7;74.8
53;2019;3;3106200;Belo Horizonte;22227;2415872;76.6;23.0;75.9
54;2019;4;3106200;Belo Horizonte;50747;2415872;33.8;22.6;73.4
55;2019;5;3106200;Belo Horizonte;50832;2415872;53.2;20.7;75.8
56;2019;6;3106200;Belo Horizonte;16275;2415872;0.7;18.5;69.5
57;2019;7;3106200;Belo Horizonte;1621;2415872;0.2;17.7;61.1
58;2019;8;3106200;Belo Horizonte;636;2415872;8.1;19.5;62.3
59;2019;9;3106200;Belo Horizonte;653;2415872;50.0;22.8;57.0
60;2019;10;3106200;Belo Horizonte;523;2415872;65.9;23.5;61.1
61;2019;11;3106200;Belo Horizonte;557;2415872;185.1;23.0;74.5
62;2019;12;3106200;Belo Horizonte;727;2415872;234.0;22.6;77.7
63;2019;12;3106200;Belo Horizonte;176;2415872;234.0;22.6;77.7
64;2020;1;3106200;Belo Horizonte;1709;2415872;374.5;23.3;81.8
65;2020;2;3106200;Belo Horizonte;2968;2415872;228.3;22.7;82.6
66;2020;3;3106200;Belo Horizonte;5135;2415872;200.8;21.5;80.6
67;2020;4;3106200;Belo Horizonte;2617;2415872;94.9;20.4;80.7
68;2020;5;3106200;Belo Horizonte;2116;2415872;39.7;17.7;76.1
69;2020;6;3106200;Belo Horizonte;1795;2415872;3.0;18.2;72.4
70;2020;7;3106200;Belo Horizonte;1101;2415872;2.3;18.6;69.6
71;2020;8;3106200;Belo Horizonte;815;2415872;11.5;18.4;65.2
72;2020;9;3106200;Belo Horizonte;607;2415872;8.0;22.7;52.9
73;2020;10;3106200;Belo Horizonte;571;2415872;145.4;23.0;68.0
74;2020;11;3106200;Belo Horizonte;1106;2415872;112.2;21.7;75.1
75;2020;12;3106200;Belo Horizonte;765;2415872;177.8;22.7;76.5
76;2021;1;3106200;Belo Horizonte;1244;2415872;111.0;23.1;69.7
77;2021;2;3106200;Belo Horizonte;1008;2415872;266.8;22.0;81.1
78;2021;3;3106200;Belo Horizonte;1078;2415872;65.5;22.3;74.9
79;2021;4;3106200;Belo Horizonte;747;2415872;45.6;20.5;69.2
80;2021;5;3106200;Belo Horizonte;738;2415872;8.6;19.7;68.4
81;2021;6;3106200;Belo Horizonte;405;2415872;5.2;18.0;71.4
82;2021;7;3106200;Belo Horizonte;299;2415872;0.0;17.0;57.9
83;2021;8;3106200;Belo Horizonte;414;2415872;3.8;19.0;59.5
84;2021;9;3106200;Belo Horizonte;439;2415872;7.8;23.6;52.7
85;2021;10;3106200;Belo Horizonte;453;2415872;222.0;21.8;74.7
86;2021;11;3106200;Belo Horizonte;496;2415872;320.9;21.3;77.2
87;2021;12;3106200;Belo Horizonte;347;2415872;189.0;21.5;78.9
88;2022;1;3106200;Belo Horizonte;1187;2415872;370.5;22.2;80.0
89;2022;2;3106200;Belo Horizonte;843;2415872;331.8;21.7;84.4
90;2022;3;3106200;Belo Horizonte;1187;2415872;5.9;22.9;68.0
91;2022;4;3106200;Belo Horizonte;1585;2415872;34.0;21.9;68.6
92;2022;5;3106200;Belo Horizonte;1939;2415872;9.6;18.4;67.2
93;2022;6;3106200;Belo Horizonte;949;2415872;0.9;18.0;64.0
94;2022;7;3106200;Belo Horizonte;858;2415872;0.6;18.1;62.9
95;2022;8;3106200;Belo Horizonte;474;2415872;0.7;19.2;56.7
96;2022;9;3106200;Belo Horizonte;678;2415872;48.4;21.0;60.7
97;2022;10;3106200;Belo Horizonte;1042;2415872;108.3;22.7;66.3
98;2022;11;3106200;Belo Horizonte;964;2415872;193.2;20.6;75.0
99;2022;12;3106200;Belo Horizonte;819;2415872;307.4;21.3;81.7
100;2023;1;3106200;Belo Horizonte;3245;2415872;386.7;21.5;83.8
101;2023;2;3106200;Belo Horizonte;5487;2415872;69.4;22.9;75.9
102;2023;3;3106200;Belo Horizonte;12547;2415872;32.2;23.2;67.1
103;2023;4;3106200;Belo Horizonte;20371;2415872;57.1;21.3;73.7
104;2023;5;3106200;Belo Horizonte;10627;2415872;3.4;18.7;70.4
105;2023;6;3106200;Belo Horizonte;3721;2415872;11.4;17.2;71.0
106;2023;7;3106200;Belo Horizonte;1927;2415872;3.4;18.2;66.2
107;2023;8;3106200;Belo Horizonte;1281;2415872;24.8;20.0;64.3
108;2023;9;3106200;Belo Horizonte;1362;2415872;25.2;22.5;62.9
109;2023;10;3106200;Belo Horizonte;1943;2415872;159.0;23.9;70.8
110;2023;11;3106200;Belo Horizonte;1713;2415872;100.6;24.8;62.5
111;2023;12;3106200;Belo Horizonte;1767;2415872;135.1;23.9;72.5
112;2023;12;3106200;Belo Horizonte;3331;2415872;135.1;23.9;72.5
113;2024;1;3106200;Belo Horizonte;40617;2415872;260.0;23.1;81.6
114;2024;2;3106200;Belo Horizonte;103462;2415872;178.7;22.7;80.0
115;2024;3;3106200;Belo Horizonte;122453;2415872;96.0;23.4;78.6
116;2024;4;3106200;Belo Horizonte;43885;2415872;20.2;21.9;72.8
117;2024;5;3106200;Belo Horizonte;14182;2415872;1.3;20.8;68.8
118;2024;6;3106200;Belo Horizonte;4909;2415872;0.0;18.5;64.4
119;2024;7;3106200;Belo Horizonte;1074;2415872;0.3;18.4;63.0
120;2024;8;3106200;Belo Horizonte;984;2415872;0.2;19.9;54.5
121;2024;9;3106200;Belo Horizonte;1519;2415872;1.6;23.7;46.6
122;2024;10;3106200;Belo Horizonte;1426;2415872;140.1;23.2;67.7
123;2024;11;3106200;Belo Horizonte;2473;2415872;172.0;22.0;76.7
124;2024;12;3106200;Belo Horizonte;2498;2415872;205.7;22.7;79.6
125;2024;12;3106200;Belo Horizonte;650;2415872;205.7;22.7;79.6
126;2025;1;3106200;Belo Horizonte;4429;2415872;266.4;23.1;79.1
127;2025;2;3106200;Belo Horizonte;5095;2415872;21.4;24.0;64.9
128;2025;3;3106200;Belo Horizonte;5605;2415872;95.0;23.4;72.0
129;2025;4;3106200;Belo Horizonte;3869;2415872;90.7;21.4;79.5
130;2025;5;3106200;Belo Horizonte;2530;2415872;3.7;18.8;75.1
131;2025;6;3106200;Belo Horizonte;1258;2415872;4.6;18.0;70.7
132;2025;7;3106200;Belo Horizonte;797;2415872;7.7;17.2;65.0
133;2025;8;3106200;Belo Horizonte;1028;2415872;14.8;18.7;61.7
134;2025;9;3106200;Belo Horizonte;1027;2415872;16.5;21.1;59.8
135;2025;10;3106200;Belo Horizonte;635;2415872;89.1;21.7;63.8
137;2015;1;3118601;Contagem;91;651718;61.6;24.4;58.2
138;2015;2;3118601;Contagem;224;651718;197.9;22.2;74.5
139;2015;3;3118601;Contagem;1551;651718;107.9;22.1;75.2
140;2015;4;3118601;Contagem;4139;651718;59.2;20.5;76.3
141;2015;5;3118601;Contagem;5943;651718;50.9;18.3;76.7
142;2015;6;3118601;Contagem;1609;651718;8.8;17.7;72.5
143;2015;7;3118601;Contagem;335;651718;0.8;18.4;67.7
144;2015;8;3118601;Contagem;102;651718;1.7;19.2;59.8
145;2015;9;3118601;Contagem;92;651718;46.2;22.6;58.6
146;2015;10;3118601;Contagem;72;651718;32.0;24.6;52.2
147;2015;11;3118601;Contagem;141;651718;175.0;24.0;68.0
148;2015;12;3118601;Contagem;348;651718;141.0;23.1;74.1
149;2016;1;3118601;Contagem;4463;651718;399.0;21.9;80.2
150;2016;2;3118601;Contagem;11848;651718;82.0;23.5;70.1
151;2016;3;3118601;Contagem;12922;651718;95.0;22.6;73.8
152;2016;4;3118601;Contagem;10607;651718;45.7;22.5;64.3
153;2016;5;3118601;Contagem;3350;651718;9.9;19.2;73.4
154;2016;6;3118601;Contagem;652;651718;20.9;17.3;73.9
155;2016;7;3118601;Contagem;174;651718;0.4;18.3;62.8
156;2016;8;3118601;Contagem;69;651718;5.9;19.8;57.0
157;2016;9;3118601;Contagem;52;651718;42.1;21.5;58.9
158;2016;10;3118601;Contagem;64;651718;49.1;22.5;63.0
159;2016;11;3118601;Contagem;50;651718;210.2;21.2;76.0
160;2016;12;3118601;Contagem;177;651718;280.0;22.0;76.7
161;2017;1;3118601;Contagem;241;651718;55.2;23.6;66.1
162;2017;2;3118601;Contagem;284;651718;118.5;22.4;73.4
163;2017;3;3118601;Contagem;317;651718;75.4;22.3;69.8
164;2017;4;3118601;Contagem;335;651718;20.8;21.4;70.5
165;2017;5;3118601;Contagem;164;651718;41.9;19.3;74.4
166;2017;6;3118601;Contagem;69;651718;17.0;18.7;68.8
167;2017;7;3118601;Contagem;54;651718;1.3;16.7;63.6
168;2017;8;3118601;Contagem;46;651718;0.8;19.6;55.6
169;2017;9;3118601;Contagem;62;651718;7.5;20.0;55.0
170;2017;10;3118601;Contagem;74;651718;62.4;22.7;60.2
171;2017;11;3118601;Contagem;110;651718;147.5;20.7;78.0
172;2017;12;3118601;Contagem;100;651718;188.0;22.1;78.2
173;2017;12;3118601;Contagem;25;651718;188.0;22.1;78.2
174;2018;1;3118601;Contagem;112;651718;160.5;23.1;68.2
175;2018;2;3118601;Contagem;74;651718;163.1;21.7;80.0
176;2018;3;3118601;Contagem;106;651718;179.8;22.4;79.0
177;2018;4;3118601;Contagem;104;651718;52.6;20.3;75.7
178;2018;5;3118601;Contagem;78;651718;41.6;18.9;69.5
179;2018;6;3118601;Contagem;68;651718;6.3;19.2;69.1
180;2018;7;3118601;Contagem;52;651718;3.4;18.9;60.4
181;2018;8;3118601;Contagem;32;651718;38.8;19.0;67.8
182;2018;9;3118601;Contagem;66;651718;65.6;21.1;63.5
183;2018;10;3118601;Contagem;73;651718;108.6;22.2;71.9
184;2018;11;3118601;Contagem;125;651718;191.1;20.7;79.5
185;2018;12;3118601;Contagem;173;651718;200.2;22.1;76.8
186;2018;12;3118601;Contagem;44;651718;200.2;22.1;76.8
187;2019;1;3118601;Contagem;487;651718;25.3;24.1;63.6
188;2019;2;3118601;Contagem;2631;651718;146.5;23.5;72.9
189;2019;3;3118601;Contagem;13534;651718;91.9;22.6;75.5
190;2019;4;3118601;Contagem;18865;651718;34.3;22.4;72.1
191;2019;5;3118601;Contagem;14309;651718;51.2;20.9;72.7
192;2019;6;3118601;Contagem;5321;651718;0.5;18.9;65.0
193;2019;7;3118601;Contagem;412;651718;0.2;18.1;57.5
194;2019;8;3118601;Contagem;478;651718;7.1;19.6;58.9
195;2019;9;3118601;Contagem;803;651718;52.7;22.7;55.2
196;2019;10;3118601;Contagem;302;651718;81.4;23.0;61.2
197;2019;11;3118601;Contagem;145;651718;198.7;22.6;74.0
198;2019;12;3118601;Contagem;71;651718;181.8;22.2;76.7
199;2019;12;3118601;Contagem;15;651718;181.8;22.2;76.7
200;2020;1;3118601;Contagem;256;651718;324.1;22.9;80.7
201;2020;2;3118601;Contagem;479;651718;225.0;22.2;81.8
202;2020;3;3118601;Contagem;807;651718;183.3;21.2;79.0
203;2020;4;3118601;Contagem;320;651718;89.4;20.3;78.1
204;2020;5;3118601;Contagem;290;651718;46.8;17.8;73.0
205;2020;6;3118601;Contagem;264;651718;5.2;18.7;67.7
206;2020;7;3118601;Contagem;187;651718;0.8;18.7;66.9
207;2020;8;3118601;Contagem;141;651718;12.7;18.5;61.9
208;2020;9;3118601;Contagem;113;651718;7.3;22.7;50.4
209;2020;10;3118601;Contagem;103;651718;166.2;22.5;68.0
210;2020;11;3118601;Contagem;166;651718;114.6;21.1;75.6
211;2020;12;3118601;Contagem;157;651718;196.6;22.2;76.9
212;2021;1;3118601;Contagem;143;651718;102.0;22.7;69.1
213;2021;2;3118601;Contagem;130;651718;261.5;21.7;79.9
214;2021;3;3118601;Contagem;155;651718;66.7;22.2;72.2
215;2021;4;3118601;Contagem;97;651718;29.2;20.7;65.3
216;2021;5;3118601;Contagem;107;651718;4.5;20.0;64.6
217;2021;6;3118601;Contagem;46;651718;5.2;18.3;67.9
218;2021;7;3118601;Contagem;45;651718;0.0;17.4;53.3
219;2021;8;3118601;Contagem;50;651718;2.0;19.1;56.4
220;2021;9;3118601;Contagem;62;651718;3.1;23.5;50.6
221;2021;10;3118601;Contagem;105;651718;196.4;21.2;75.1
222;2021;11;3118601;Contagem;58;651718;297.7;20.8;77.2
223;2021;12;3118601;Contagem;45;651718;190.4;21.0;78.6
224;2022;1;3118601;Contagem;258;651718;435.9;21.7;79.4
225;2022;2;3118601;Contagem;150;651718;339.5;21.3;83.2
226;2022;3;3118601;Contagem;205;651718;6.2;23.2;63.1
227;2022;4;3118601;Contagem;304;651718;36.3;22.2;64.5
228;2022;5;3118601;Contagem;426;651718;29.4;18.3;65.5
229;2022;6;3118601;Contagem;244;651718;0.7;18.3;59.9
230;2022;7;3118601;Contagem;156;651718;0.3;18.5;58.1
231;2022;8;3118601;Contagem;98;651718;0.0;19.2;53.7
232;2022;9;3118601;Contagem;107;651718;42.2;20.7;59.5
233;2022;10;3118601;Contagem;183;651718;102.6;22.2;66.5
234;2022;11;3118601;Contagem;160;651718;233.8;20.1;75.4
235;2022;12;3118601;Contagem;107;651718;316.0;20.7;81.8
236;2023;1;3118601;Contagem;476;651718;395.6;21.1;82.9
237;2023;2;3118601;Contagem;1084;651718;58.6;22.9;72.7
238;2023;3;3118601;Contagem;4611;651718;37.1;23.3;63.9
239;2023;4;3118601;Contagem;8312;651718;56.6;21.0;72.7
240;2023;5;3118601;Contagem;3688;651718;1.6;19.1;65.3
241;2023;6;3118601;Contagem;1292;651718;10.8;17.8;64.6
242;2023;7;3118601;Contagem;484;651718;6.0;18.8;60.3
243;2023;8;3118601;Contagem;235;651718;31.3;20.5;59.5
244;2023;9;3118601;Contagem;215;651718;24.7;22.7;59.0
245;2023;10;3118601;Contagem;425;651718;139.6;23.3;71.2
246;2023;11;3118601;Contagem;305;651718;94.4;24.5;62.1
247;2023;12;3118601;Contagem;263;651718;134.5;23.5;71.7
248;2023;12;3118601;Contagem;682;651718;134.5;23.5;71.7
249;2024;1;3118601;Contagem;10127;651718;245.3;22.7;80.2
250;2024;2;3118601;Contagem;32392;651718;171.6;22.4;77.9
251;2024;3;3118601;Contagem;37844;651718;103.3;23.3;76.4
252;2024;4;3118601;Contagem;13742;651718;25.3;22.0;69.3
253;2024;5;3118601;Contagem;3693;651718;0.5;21.7;60.6
254;2024;6;3118601;Contagem;1214;651718;0.0;19.8;55.0
255;2024;7;3118601;Contagem;289;651718;0.7;19.6;53.6
256;2024;8;3118601;Contagem;180;651718;0.2;20.6;48.9
257;2024;9;3118601;Contagem;310;651718;0.7;23.8;43.4
258;2024;10;3118601;Contagem;220;651718;152.1;22.8;67.2
259;2024;11;3118601;Contagem;493;651718;121.5;21.6;75.9
260;2024;12;3118601;Contagem;557;651718;205.1;22.5;76.9
261;2024;12;3118601;Contagem;134;651718;205.1;22.5;76.9
262;2025;1;3118601;Contagem;1185;651718;226.8;22.8;77.5
263;2025;2;3118601;Contagem;1432;651718;26.5;24.6;57.9
264;2025;3;3118601;Contagem;1662;651718;64.7;23.7;66.4
265;2025;4;3118601;Contagem;1154;651718;96.7;21.6;75.1
266;2025;5;3118601;Contagem;732;651718;2.8;19.8;65.4
267;2025;6;3118601;Contagem;360;651718;3.9;19.1;61.4
268;2025;7;3118601;Contagem;209;651718;11.4;18.4;55.2
269;2025;8;3118601;Contagem;276;651718;13.7;19.6;53.6
270;2025;9;3118601;Contagem;278;651718;14.3;21.4;55.4
271;2025;10;3118601;Contagem;294;651718;98.6;21.7;60.2
273;2015;1;3127701;Governador Valadares;55;266561;1.0;29.1;51.7
274;2015;2;3127701;Governador Valadares;58;266561;114.9;27.5;65.9
275;2015;3;3127701;Governador Valadares;105;266561;49.3;27.5;65.2
276;2015;4;3127701;Governador Valadares;121;266561;36.8;26.0;65.8
277;2015;5;3127701;Governador Valadares;343;266561;22.3;23.6;69.8
278;2015;6;3127701;Governador Valadares;196;266561;11.2;22.9;69.0
279;2015;7;3127701;Governador Valadares;133;266561;3.9;22.7;68.6
280;2015;8;3127701;Governador Valadares;120;266561;3.3;23.3;60.7
281;2015;9;3127701;Governador Valadares;64;266561;1.4;27.5;50.8
282;2015;10;3127701;Governador Valadares;64;266561;16.2;28.0;52.6
283;2015;11;3127701;Governador Valadares;87;266561;133.5;28.7;60.8
284;2015;12;3127701;Governador Valadares;202;266561;64.6;28.9;59.9
285;2016;1;3127701;Governador Valadares;1016;266561;381.6;26.7;74.1
286;2016;2;3127701;Governador Valadares;1038;266561;13.7;28.4;62.8
287;2016;3;3127701;Governador Valadares;250;266561;22.1;28.4;61.9
288;2016;4;3127701;Governador Valadares;91;266561;39.9;27.7;59.7
289;2016;5;3127701;Governador Valadares;32;266561;14.5;24.2;68.9
290;2016;6;3127701;Governador Valadares;5;266561;17.8;22.7;68.0
291;2016;7;3127701;Governador Valadares;18;266561;2.7;22.6;63.7
292;2016;8;3127701;Governador Valadares;12;266561;6.4;24.1;58.3
293;2016;9;3127701;Governador Valadares;6;266561;13.5;25.7;56.8
294;2016;10;3127701;Governador Valadares;31;266561;51.6;26.0;62.1
295;2016;11;3127701;Governador Valadares;42;266561;287.6;25.4;71.8
296;2016;12;3127701;Governador Valadares;87;266561;110.1;26.4;73.1
297;2017;1;3127701;Governador Valadares;968;266561;43.2;28.0;62.8
298;2017;2;3127701;Governador Valadares;1563;266561;142.7;26.6;72.9
299;2017;3;3127701;Governador Valadares;704;266561;133.4;27.5;64.9
300;2017;4;3127701;Governador Valadares;146;266561;35.5;25.3;72.0
301;2017;5;3127701;Governador Valadares;56;266561;52.4;23.7;72.6
302;2017;6;3127701;Governador Valadares;9;266561;11.1;23.2;69.8
303;2017;7;3127701;Governador Valadares;5;266561;14.7;20.6;70.2
304;2017;8;3127701;Governador Valadares;3;266561;3.6;21.8;63.5
305;2017;9;3127701;Governador Valadares;10;266561;9.3;23.1;63.0
306;2017;10;3127701;Governador Valadares;10;266561;40.3;26.8;58.7
307;2017;11;3127701;Governador Valadares;22;266561;135.8;25.0;74.9
308;2017;12;3127701;Governador Valadares;34;266561;200.2;25.8;77.6
309;2017;12;3127701;Governador Valadares;10;266561;200.2;25.8;77.6
310;2018;1;3127701;Governador Valadares;40;266561;124.8;27.4;67.8
311;2018;2;3127701;Governador Valadares;45;266561;216.8;25.9;78.5
312;2018;3;3127701;Governador Valadares;40;266561;131.7;26.5;78.1
313;2018;4;3127701;Governador Valadares;21;266561;105.2;23.9;80.1
314;2018;5;3127701;Governador Valadares;19;266561;33.1;22.6;76.1
315;2018;6;3127701;Governador Valadares;20;266561;12.0;22.4;76.1
316;2018;7;3127701;Governador Valadares;13;266561;5.6;22.2;68.1
317;2018;8;3127701;Governador Valadares;16;266561;26.6;23.5;68.6
318;2018;9;3127701;Governador Valadares;22;266561;8.5;25.3;61.6
319;2018;10;3127701;Governador Valadares;14;266561;66.1;26.6;64.6
320;2018;11;3127701;Governador Valadares;18;266561;142.4;25.2;75.7
321;2018;12;3127701;Governador Valadares;14;266561;291.8;26.0;76.5
322;2018;12;3127701;Governador Valadares;14;266561;291.8;26.0;76.5
323;2019;1;3127701;Governador Valadares;24;266561;7.2;28.1;62.8
324;2019;2;3127701;Governador Valadares;20;266561;90.0;28.4;67.9
325;2019;3;3127701;Governador Valadares;73;266561;73.9;27.5;70.1
326;2019;4;3127701;Governador Valadares;116;266561;41.2;26.6;74.4
327;2019;5;3127701;Governador Valadares;266;266561;38.8;25.0;73.5
328;2019;6;3127701;Governador Valadares;162;266561;10.1;23.1;70.2
329;2019;7;3127701;Governador Valadares;86;266561;3.2;22.0;64.1
330;2019;8;3127701;Governador Valadares;53;266561;17.3;23.1;62.7
331;2019;9;3127701;Governador Valadares;88;266561;18.5;25.4;58.4
332;2019;10;3127701;Governador Valadares;51;266561;22.8;26.6;60.9
333;2019;11;3127701;Governador Valadares;34;266561;144.8;26.7;68.4
334;2019;12;3127701;Governador Valadares;85;266561;189.1;26.8;69.3
335;2019;12;3127701;Governador Valadares;24;266561;189.1;26.8;69.3
336;2020;1;3127701;Governador Valadares;162;266561;333.8;27.4;73.7
337;2020;2;3127701;Governador Valadares;257;266561;130.5;27.0;75.8
338;2020;3;3127701;Governador Valadares;252;266561;225.3;24.8;80.4
339;2020;4;3127701;Governador Valadares;408;266561;48.5;24.5;76.6
340;2020;5;3127701;Governador Valadares;489;266561;67.4;22.0;76.5
341;2020;6;3127701;Governador Valadares;248;266561;8.2;21.4;76.8
342;2020;7;3127701;Governador Valadares;121;266561;26.0;21.7;73.5
343;2020;8;3127701;Governador Valadares;81;266561;27.6;21.6;72.3
344;2020;9;3127701;Governador Valadares;63;266561;8.0;25.7;57.8
345;2020;10;3127701;Governador Valadares;45;266561;194.3;26.3;68.3
346;2020;11;3127701;Governador Valadares;55;266561;108.8;24.8;76.4
347;2020;12;3127701;Governador Valadares;27;266561;106.1;26.5;72.7
348;2021;1;3127701;Governador Valadares;51;266561;33.9;27.8;60.6
349;2021;2;3127701;Governador Valadares;98;266561;322.8;26.1;76.2
350;2021;3;3127701;Governador Valadares;247;266561;53.3;26.2;72.2
351;2021;4;3127701;Governador Valadares;317;266561;57.0;24.6;70.7
352;2021;5;3127701;Governador Valadares;451;266561;3.7;23.8;66.4
353;2021;6;3127701;Governador Valadares;174;266561;8.3;22.2;68.9
354;2021;7;3127701;Governador Valadares;77;266561;3.1;21.5;61.4
355;2021;8;3127701;Governador Valadares;66;266561;10.3;22.8;61.9
356;2021;9;3127701;Governador Valadares;39;266561;7.9;26.3;56.8
357;2021;10;3127701;Governador Valadares;22;266561;171.6;25.3;71.8
358;2021;11;3127701;Governador Valadares;33;266561;143.4;24.6;75.5
359;2021;12;3127701;Governador Valadares;52;266561;322.9;24.9;79.2
360;2022;1;3127701;Governador Valadares;151;266561;146.0;26.4;74.0
361;2022;2;3127701;Governador Valadares;109;266561;319.9;25.7;80.9
362;2022;3;3127701;Governador Valadares;231;266561;21.0;26.6;69.9
363;2022;4;3127701;Governador Valadares;220;266561;28.1;26.3;66.4
364;2022;5;3127701;Governador Valadares;182;266561;20.1;23.2;66.2
365;2022;6;3127701;Governador Valadares;142;266561;4.1;21.3;67.5
366;2022;7;3127701;Governador Valadares;122;266561;7.8;22.1;68.8
367;2022;8;3127701;Governador Valadares;60;266561;4.0;23.0;57.4
368;2022;9;3127701;Governador Valadares;57;266561;21.1;24.0;62.1
369;2022;10;3127701;Governador Valadares;139;266561;115.7;26.0;66.4
370;2022;11;3127701;Governador Valadares;133;266561;354.6;24.1;76.2
371;2022;12;3127701;Governador Valadares;111;266561;358.7;24.7;81.3
372;2023;1;3127701;Governador Valadares;631;266561;404.6;25.6;80.6
373;2023;2;3127701;Governador Valadares;1201;266561;31.4;27.1;70.0
374;2023;3;3127701;Governador Valadares;1161;266561;34.4;27.4;64.6
375;2023;4;3127701;Governador Valadares;961;266561;160.6;25.5;73.4
376;2023;5;3127701;Governador Valadares;602;266561;27.9;22.2;76.3
377;2023;6;3127701;Governador Valadares;382;266561;9.7;21.4;73.5
378;2023;7;3127701;Governador Valadares;233;266561;28.8;21.7;69.6
379;2023;8;3127701;Governador Valadares;82;266561;48.5;23.1;70.5
380;2023;9;3127701;Governador Valadares;47;266561;22.9;25.0;66.3
381;2023;10;3127701;Governador Valadares;106;266561;43.7;27.5;62.7
382;2023;11;3127701;Governador Valadares;77;266561;14.7;29.2;54.0
383;2023;12;3127701;Governador Valadares;46;266561;103.1;28.7;61.9
384;2023;12;3127701;Governador Valadares;56;266561;103.1;28.7;61.9
385;2024;1;3127701;Governador Valadares;820;266561;278.4;26.9;76.2
386;2024;2;3127701;Governador Valadares;4104;266561;244.5;26.2;79.3
387;2024;3;3127701;Governador Valadares;5075;266561;161.7;27.3;74.4
388;2024;4;3127701;Governador Valadares;943;266561;17.1;26.3;69.2
389;2024;5;3127701;Governador Valadares;353;266561;17.3;25.1;68.7
390;2024;6;3127701;Governador Valadares;186;266561;9.8;23.0;68.1
391;2024;7;3127701;Governador Valadares;165;266561;4.7;23.3;61.8
392;2024;8;3127701;Governador Valadares;197;266561;12.4;23.8;58.3
393;2024;9;3127701;Governador Valadares;389;266561;3.1;26.6;52.9
394;2024;10;3127701;Governador Valadares;275;266561;184.2;26.3;67.2
395;2024;11;3127701;Governador Valadares;135;266561;206.9;25.3;76.3
396;2024;12;3127701;Governador Valadares;125;266561;209.5;26.0;80.5
397;2024;12;3127701;Governador Valadares;31;266561;209.5;26.0;80.5
398;2025;1;3127701;Governador Valadares;237;266561;354.0;26.1;79.7
399;2025;2;3127701;Governador Valadares;218;266561;25.1;28.6;60.3
400;2025;3;3127701;Governador Valadares;333;266561;89.8;27.8;65.8
401;2025;4;3127701;Governador Valadares;232;266561;121.5;26.2;71.2
402;2025;5;3127701;Governador Valadares;387;266561;24.5;23.6;74.5
403;2025;6;3127701;Governador Valadares;139;266561;15.9;22.1;73.2
404;2025;7;3127701;Governador Valadares;37;266561;5.9;21.6;66.9
405;2025;8;3127701;Governador Valadares;68;266561;6.5;22.9;61.4
406;2025;9;3127701;Governador Valadares;218;266561;34.4;24.7;57.9
407;2025;10;3127701;Governador Valadares;143;266561;147.0;25.6;60.4
409;2015;1;3136702;Juiz de Fora;18;567730;151.7;24.1;72.4
410;2015;2;3136702;Juiz de Fora;60;567730;224.6;22.9;79.4
411;2015;3;3136702;Juiz de Fora;554;567730;223.0;22.2;82.3
412;2015;4;3136702;Juiz de Fora;1955;567730;29.2;20.5;80.2
413;2015;5;3136702;Juiz de Fora;1539;567730;56.5;18.2;82.1
414;2015;6;3136702;Juiz de Fora;251;567730;19.2;17.1;81.0
415;2015;7;3136702;Juiz de Fora;54;567730;52.7;17.9;79.2
416;2015;8;3136702;Juiz de Fora;23;567730;16.1;18.1;73.7
417;2015;9;3136702;Juiz de Fora;29;567730;126.9;20.7;75.5
418;2015;10;3136702;Juiz de Fora;24;567730;82.4;22.2;71.9
419;2015;11;3136702;Juiz de Fora;107;567730;332.3;23.0;82.5
420;2015;12;3136702;Juiz de Fora;361;567730;333.9;23.2;80.7
421;2016;1;3136702;Juiz de Fora;3975;567730;345.6;22.5;82.1
422;2016;2;3136702;Juiz de Fora;10568;567730;234.7;24.0;77.7
423;2016;3;3136702;Juiz de Fora;9595;567730;140.5;22.8;81.0
424;2016;4;3136702;Juiz de Fora;8000;567730;49.2;22.1;75.3
425;2016;5;3136702;Juiz de Fora;2413;567730;18.6;18.6;80.0
426;2016;6;3136702;Juiz de Fora;88;567730;62.5;16.3;82.4
427;2016;7;3136702;Juiz de Fora;37;567730;5.4;17.0;75.7
428;2016;8;3136702;Juiz de Fora;22;567730;23.7;18.4;71.1
429;2016;9;3136702;Juiz de Fora;14;567730;69.0;19.9;72.7
430;2016;10;3136702;Juiz de Fora;30;567730;111.1;20.2;79.6
431;2016;11;3136702;Juiz de Fora;48;567730;346.2;20.8;81.0
432;2016;12;3136702;Juiz de Fora;164;567730;290.5;22.9;78.0
433;2017;1;3136702;Juiz de Fora;66;567730;127.0;23.6;77.5
434;2017;2;3136702;Juiz de Fora;47;567730;134.8;22.8;78.2
435;2017;3;3136702;Juiz de Fora;28;567730;152.6;21.6;80.4
436;2017;4;3136702;Juiz de Fora;23;567730;40.6;20.0;82.7
437;2017;5;3136702;Juiz de Fora;10;567730;77.9;18.1;83.9
438;2017;6;3136702;Juiz de Fora;5;567730;27.8;17.7;80.5
439;2017;7;3136702;Juiz de Fora;5;567730;5.8;15.6;79.8
440;2017;8;3136702;Juiz de Fora;6;567730;18.5;16.9;77.1
441;2017;9;3136702;Juiz de Fora;15;567730;11.5;19.3;67.9
442;2017;10;3136702;Juiz de Fora;25;567730;78.4;21.8;71.1
443;2017;11;3136702;Juiz de Fora;15;567730;165.7;20.5;78.5
444;2017;12;3136702;Juiz de Fora;26;567730;189.6;22.0;82.3
445;2017;12;3136702;Juiz de Fora;10;567730;189.6;22.0;82.3
446;2018;1;3136702;Juiz de Fora;32;567730;143.5;22.9;78.9
447;2018;2;3136702;Juiz de Fora;23;567730;185.5;21.9;83.3
448;2018;3;3136702;Juiz de Fora;40;567730;176.5;22.8;83.4
449;2018;4;3136702;Juiz de Fora;50;567730;75.5;20.1;83.2
450;2018;5;3136702;Juiz de Fora;22;567730;29.3;18.3;81.2
451;2018;6;3136702;Juiz de Fora;9;567730;16.9;18.3;80.6
452;2018;7;3136702;Juiz de Fora;7;567730;20.0;17.7;75.9
453;2018;8;3136702;Juiz de Fora;3;567730;76.7;17.1;82.5
454;2018;9;3136702;Juiz de Fora;13;567730;54.3;19.4;78.6
455;2018;10;3136702;Juiz de Fora;11;567730;108.9;20.5;82.9
456;2018;11;3136702;Juiz de Fora;11;567730;275.7;20.5;84.7
457;2018;12;3136702;Juiz de Fora;27;567730;167.1;22.3;80.2
458;2018;12;3136702;Juiz de Fora;7;567730;167.1;22.3;80.2
459;2019;1;3136702;Juiz de Fora;89;567730;64.4;24.6;73.1
460;2019;2;3136702;Juiz de Fora;236;567730;173.2;23.3;79.4
461;2019;3;3136702;Juiz de Fora;1160;567730;151.7;22.4;83.6
462;2019;4;3136702;Juiz de Fora;2070;567730;49.1;21.8;81.7
463;2019;5;3136702;Juiz de Fora;3187;567730;49.2;20.1;81.0
464;2019;6;3136702;Juiz de Fora;1065;567730;4.5;18.2;79.3
465;2019;7;3136702;Juiz de Fora;88;567730;8.6;16.6;74.2
466;2019;8;3136702;Juiz de Fora;27;567730;25.7;17.3;76.3
467;2019;9;3136702;Juiz de Fora;24;567730;57.0;20.5;71.5
468;2019;10;3136702;Juiz de Fora;33;567730;87.5;21.1;78.7
469;2019;11;3136702;Juiz de Fora;17;567730;160.2;21.1;82.4
470;2019;12;3136702;Juiz de Fora;26;567730;150.2;22.0;81.7
471;2019;12;3136702;Juiz de Fora;6;567730;150.2;22.0;81.7
472;2020;1;3136702;Juiz de Fora;40;567730;246.4;22.9;83.3
473;2020;2;3136702;Juiz de Fora;49;567730;332.4;22.2;85.1
474;2020;3;3136702;Juiz de Fora;50;567730;157.6;21.0;83.8
475;2020;4;3136702;Juiz de Fora;40;567730;53.1;19.6;82.6
476;2020;5;3136702;Juiz de Fora;28;567730;38.0;17.5;77.5
477;2020;6;3136702;Juiz de Fora;18;567730;14.2;18.3;78.0
478;2020;7;3136702;Juiz de Fora;20;567730;16.6;18.1;76.4
479;2020;8;3136702;Juiz de Fora;13;567730;22.8;17.7;74.2
480;2020;9;3136702;Juiz de Fora;17;567730;34.5;21.6;66.0
481;2020;10;3136702;Juiz de Fora;14;567730;75.2;21.0;78.9
482;2020;11;3136702;Juiz de Fora;20;567730;221.6;20.5;83.3
483;2020;12;3136702;Juiz de Fora;14;567730;296.1;22.5;83.1
484;2021;1;3136702;Juiz de Fora;22;567730;202.0;23.1;76.0
485;2021;2;3136702;Juiz de Fora;20;567730;296.8;22.1;82.5
486;2021;3;3136702;Juiz de Fora;25;567730;114.0;22.5;79.3
487;2021;4;3136702;Juiz de Fora;12;567730;70.4;19.2;79.9
488;2021;5;3136702;Juiz de Fora;28;567730;29.8;18.4;79.1
489;2021;6;3136702;Juiz de Fora;12;567730;18.0;16.7;83.0
490;2021;7;3136702;Juiz de Fora;3;567730;8.1;15.3;73.5
491;2021;8;3136702;Juiz de Fora;9;567730;25.4;17.9;72.7
492;2021;9;3136702;Juiz de Fora;9;567730;18.3;20.9;72.3
493;2021;10;3136702;Juiz de Fora;4;567730;236.9;19.5;84.6
494;2021;11;3136702;Juiz de Fora;10;567730;207.3;19.9;80.4
495;2021;12;3136702;Juiz de Fora;1;567730;357.6;20.7;84.6
496;2022;1;3136702;Juiz de Fora;23;567730;285.6;22.4;81.9
497;2022;2;3136702;Juiz de Fora;7;567730;385.5;21.8;85.6
498;2022;3;3136702;Juiz de Fora;31;567730;43.5;22.9;73.8
499;2022;4;3136702;Juiz de Fora;46;567730;65.1;20.6;80.2
500;2022;5;3136702;Juiz de Fora;53;567730;29.3;17.8;74.6
501;2022;6;3136702;Juiz de Fora;16;567730;10.5;16.7;78.0
502;2022;7;3136702;Juiz de Fora;3;567730;5.3;17.5;72.7
503;2022;8;3136702;Juiz de Fora;8;567730;11.2;17.3;72.2
504;2022;9;3136702;Juiz de Fora;5;567730;100.3;18.0;76.0
505;2022;10;3136702;Juiz de Fora;13;567730;128.3;21.0;79.4
506;2022;11;3136702;Juiz de Fora;12;567730;217.5;19.3;83.3
507;2022;12;3136702;Juiz de Fora;12;567730;257.0;20.9;84.3
508;2023;1;3136702;Juiz de Fora;51;567730;306.7;21.8;84.4
509;2023;2;3136702;Juiz de Fora;133;567730;202.5;23.0;81.0
510;2023;3;3136702;Juiz de Fora;414;567730;63.8;22.5;79.2
511;2023;4;3136702;Juiz de Fora;1004;567730;88.9;20.1;81.9
512;2023;5;3136702;Juiz de Fora;561;567730;15.2;17.9;81.0
513;2023;6;3136702;Juiz de Fora;166;567730;19.6;17.0;74.9
514;2023;7;3136702;Juiz de Fora;49;567730;12.6;16.8;78.3
515;2023;8;3136702;Juiz de Fora;34;567730;50.9;18.7;74.8
516;2023;9;3136702;Juiz de Fora;44;567730;24.1;21.1;70.7
517;2023;10;3136702;Juiz de Fora;63;567730;187.2;22.0;81.5
518;2023;11;3136702;Juiz de Fora;87;567730;108.1;23.2;73.9
519;2023;12;3136702;Juiz de Fora;118;567730;97.6;23.0;78.7
520;2023;12;3136702;Juiz de Fora;145;567730;97.6;23.0;78.7
521;2024;1;3136702;Juiz de Fora;1303;567730;225.7;22.8;83.3
522;2024;2;3136702;Juiz de Fora;3798;567730;241.4;22.8;83.2
523;2024;3;3136702;Juiz de Fora;6749;567730;188.3;22.7;83.7
524;2024;4;3136702;Juiz de Fora;6678;567730;14.4;21.3;78.7
525;2024;5;3136702;Juiz de Fora;5329;567730;10.8;20.5;74.9
526;2024;6;3136702;Juiz de Fora;1309;567730;2.0;18.2;73.6
527;2024;7;3136702;Juiz de Fora;229;567730;6.0;17.6;74.6
528;2024;8;3136702;Juiz de Fora;64;567730;22.6;17.8;68.6
529;2024;9;3136702;Juiz de Fora;77;567730;19.8;21.4;66.2
530;2024;10;3136702;Juiz de Fora;34;567730;114.8;20.9;77.5
531;2024;11;3136702;Juiz de Fora;46;567730;222.9;21.1;81.4
532;2024;12;3136702;Juiz de Fora;65;567730;205.2;22.3;83.3
533;2024;12;3136702;Juiz de Fora;20;567730;205.2;22.3;83.3
534;2025;1;3136702;Juiz de Fora;217;567730;240.6;22.7;82.9
535;2025;2;3136702;Juiz de Fora;495;567730;17.3;24.4;69.7
536;2025;3;3136702;Juiz de Fora;1269;567730;158.2;22.5;81.6
537;2025;4;3136702;Juiz de Fora;1164;567730;92.1;20.3;85.2
538;2025;5;3136702;Juiz de Fora;865;567730;15.4;18.4;80.9
539;2025;6;3136702;Juiz de Fora;487;567730;11.5;17.2;79.8
540;2025;7;3136702;Juiz de Fora;85;567730;17.7;15.8;77.5
541;2025;8;3136702;Juiz de Fora;66;567730;17.6;17.2;75.7
542;2025;9;3136702;Juiz de Fora;64;567730;37.6;18.7;75.7
543;2025;10;3136702;Juiz de Fora;26;567730;71.8;19.9;74.6
545;2015;1;3143302;Montes Claros;20;437601;3.2;27.6;45.0
546;2015;2;3143302;Montes Claros;20;437601;141.1;25.1;64.4
547;2015;3;3143302;Montes Claros;139;437601;69.2;25.5;64.3
548;2015;4;3143302;Montes Claros;312;437601;33.8;24.8;64.7
549;2015;5;3143302;Montes Claros;686;437601;3.7;22.9;62.3
550;2015;6;3143302;Montes Claros;314;437601;0.6;22.2;58.4
551;2015;7;3143302;Montes Claros;88;437601;0.8;22.5;54.8
552;2015;8;3143302;Montes Claros;41;437601;0.9;22.8;50.0
553;2015;9;3143302;Montes Claros;19;437601;0.2;27.8;35.0
554;2015;10;3143302;Montes Claros;14;437601;18.3;28.2;40.1
555;2015;11;3143302;Montes Claros;66;437601;79.6;27.7;54.3
556;2015;12;3143302;Montes Claros;133;437601;25.1;27.8;50.8
557;2016;1;3143302;Montes Claros;952;437601;286.4;23.9;79.9
558;2016;2;3143302;Montes Claros;1359;437601;7.0;26.5;58.2
559;2016;3;3143302;Montes Claros;502;437601;16.0;26.8;55.7
560;2016;4;3143302;Montes Claros;97;437601;0.6;26.8;48.3
561;2016;5;3143302;Montes Claros;6;437601;0.4;24.5;53.7
562;2016;6;3143302;Montes Claros;4;437601;2.6;22.6;55.1
563;2016;7;3143302;Montes Claros;6;437601;1.0;22.7;51.3
564;2016;8;3143302;Montes Claros;6;437601;4.0;24.0;48.7
565;2016;9;3143302;Montes Claros;6;437601;9.5;26.1;43.1
566;2016;10;3143302;Montes Claros;20;437601;79.1;25.8;54.9
567;2016;11;3143302;Montes Claros;29;437601;205.2;24.2;70.1
568;2016;12;3143302;Montes Claros;35;437601;149.3;24.6;70.7
569;2017;1;3143302;Montes Claros;58;437601;31.8;26.2;55.5
570;2017;2;3143302;Montes Claros;23;437601;114.1;24.2;71.5
571;2017;3;3143302;Montes Claros;19;437601;55.2;25.4;60.9
572;2017;4;3143302;Montes Claros;41;437601;4.3;24.6;61.6
573;2017;5;3143302;Montes Claros;17;437601;22.8;22.9;63.3
574;2017;6;3143302;Montes Claros;6;437601;1.7;21.9;58.0
575;2017;7;3143302;Montes Claros;2;437601;1.7;19.4;58.2
576;2017;8;3143302;Montes Claros;1;437601;0.1;22.2;47.7
577;2017;9;3143302;Montes Claros;3;437601;1.1;22.6;50.2
578;2017;10;3143302;Montes Claros;3;437601;36.5;26.0;47.3
579;2017;11;3143302;Montes Claros;10;437601;110.3;23.9;71.0
580;2017;12;3143302;Montes Claros;14;437601;233.9;23.8;75.6
581;2017;12;3143302;Montes Claros;9;437601;233.9;23.8;75.6
582;2018;1;3143302;Montes Claros;36;437601;56.5;25.1;63.8
583;2018;2;3143302;Montes Claros;69;437601;291.2;23.7;77.1
584;2018;3;3143302;Montes Claros;83;437601;113.4;24.3;75.3
585;2018;4;3143302;Montes Claros;261;437601;21.4;23.0;69.0
586;2018;5;3143302;Montes Claros;183;437601;10.7;21.9;64.4
587;2018;6;3143302;Montes Claros;109;437601;0.2;21.5;62.1
588;2018;7;3143302;Montes Claros;80;437601;1.1;20.7;55.9
589;2018;8;3143302;Montes Claros;33;437601;6.2;23.2;52.7
590;2018;9;3143302;Montes Claros;18;437601;2.9;24.9;46.8
591;2018;10;3143302;Montes Claros;31;437601;78.8;26.1;58.3
592;2018;11;3143302;Montes Claros;34;437601;102.9;23.7;71.8
593;2018;12;3143302;Montes Claros;27;437601;224.2;23.7;75.0
594;2018;12;3143302;Montes Claros;25;437601;224.2;23.7;75.0
595;2019;1;3143302;Montes Claros;339;437601;1.9;25.8;56.8
596;2019;2;3143302;Montes Claros;430;437601;80.0;25.8;66.2
597;2019;3;3143302;Montes Claros;1173;437601;83.7;25.0;70.2
598;2019;4;3143302;Montes Claros;2244;437601;18.7;24.9;69.2
599;2019;5;3143302;Montes Claros;4298;437601;9.0;24.1;62.9
600;2019;6;3143302;Montes Claros;938;437601;1.9;21.8;58.8
601;2019;7;3143302;Montes Claros;122;437601;0.3;21.0;52.2
602;2019;8;3143302;Montes Claros;28;437601;2.1;22.6;52.4
603;2019;9;3143302;Montes Claros;57;437601;4.7;25.3;45.8
604;2019;10;3143302;Montes Claros;30;437601;48.3;26.6;48.0
605;2019;11;3143302;Montes Claros;30;437601;99.5;26.8;56.3
606;2019;12;3143302;Montes Claros;40;437601;97.7;25.7;63.3
607;2019;12;3143302;Montes Claros;14;437601;97.7;25.7;63.3
608;2020;1;3143302;Montes Claros;85;437601;304.7;24.7;74.2
609;2020;2;3143302;Montes Claros;96;437601;98.2;24.8;75.4
610;2020;3;3143302;Montes Claros;147;437601;198.5;23.3;79.6
611;2020;4;3143302;Montes Claros;62;437601;62.0;22.8;76.7
612;2020;5;3143302;Montes Claros;95;437601;17.0;20.6;71.3
613;2020;6;3143302;Montes Claros;58;437601;2.2;20.1;66.4
614;2020;7;3143302;Montes Claros;76;437601;0.6;20.6;59.1
615;2020;8;3143302;Montes Claros;75;437601;1.5;21.6;54.4
616;2020;9;3143302;Montes Claros;49;437601;2.1;24.8;43.4
617;2020;10;3143302;Montes Claros;43;437601;113.6;26.2;56.9
618;2020;11;3143302;Montes Claros;76;437601;97.1;23.5;71.7
619;2020;12;3143302;Montes Claros;39;437601;109.4;24.7;67.0
620;2021;1;3143302;Montes Claros;63;437601;46.7;25.8;57.6
621;2021;2;3143302;Montes Claros;100;437601;201.3;23.7;77.3
622;2021;3;3143302;Montes Claros;157;437601;37.7;23.6;68.2
623;2021;4;3143302;Montes Claros;72;437601;26.8;22.9;67.2
624;2021;5;3143302;Montes Claros;49;437601;0.7;21.8;60.8
625;2021;6;3143302;Montes Claros;29;437601;1.6;20.7;59.7
626;2021;7;3143302;Montes Claros;21;437601;0.2;20.2;51.5
627;2021;8;3143302;Montes Claros;53;437601;0.2;21.3;50.7
628;2021;9;3143302;Montes Claros;27;437601;1.9;26.0;40.4
629;2021;10;3143302;Montes Claros;28;437601;112.7;25.4;61.1
630;2021;11;3143302;Montes Claros;43;437601;289.4;23.0;77.4
631;2021;12;3143302;Montes Claros;46;437601;306.6;23.1;81.4
632;2022;1;3143302;Montes Claros;242;437601;201.8;23.6;76.2
633;2022;2;3143302;Montes Claros;449;437601;193.3;23.5;78.8
634;2022;3;3143302;Montes Claros;1984;437601;3.7;24.6;62.6
635;2022;4;3143302;Montes Claros;2751;437601;40.9;24.1;62.3
636;2022;5;3143302;Montes Claros;2957;437601;5.2;21.2;59.9
637;2022;6;3143302;Montes Claros;946;437601;0.0;20.4;55.6
638;2022;7;3143302;Montes Claros;363;437601;0.6;20.7;55.7
639;2022;8;3143302;Montes Claros;149;437601;0.5;22.2;46.7
640;2022;9;3143302;Montes Claros;126;437601;11.6;24.5;47.8
641;2022;10;3143302;Montes Claros;170;437601;42.5;25.6;53.5
642;2022;11;3143302;Montes Claros;230;437601;293.7;23.0;73.3
643;2022;12;3143302;Montes Claros;401;437601;328.5;22.8;80.8
644;2023;1;3143302;Montes Claros;5618;437601;196.3;23.2;79.3
645;2023;2;3143302;Montes Claros;11942;437601;4.0;25.2;62.4
646;2023;3;3143302;Montes Claros;5481;437601;10.2;25.0;58.9
647;2023;4;3143302;Montes Claros;1557;437601;52.7;24.8;62.4
648;2023;5;3143302;Montes Claros;546;437601;0.4;22.1;60.7
649;2023;6;3143302;Montes Claros;195;437601;0.1;21.0;58.0
650;2023;7;3143302;Montes Claros;158;437601;6.5;21.7;53.1
651;2023;8;3143302;Montes Claros;103;437601;70.2;23.4;52.1
652;2023;9;3143302;Montes Claros;125;437601;1.6;25.9;48.2
653;2023;10;3143302;Montes Claros;217;437601;69.4;27.2;52.9
654;2023;11;3143302;Montes Claros;363;437601;28.2;28.4;45.0
655;2023;12;3143302;Montes Claros;405;437601;75.4;27.1;55.9
656;2023;12;3143302;Montes Claros;230;437601;75.4;27.1;55.9
657;2024;1;3143302;Montes Claros;2417;437601;251.4;24.8;75.8
658;2024;2;3143302;Montes Claros;8863;437601;322.3;24.0;77.0
659;2024;3;3143302;Montes Claros;14202;437601;29.3;25.9;69.4
660;2024;4;3143302;Montes Claros;5211;437601;24.4;23.8;70.8
661;2024;5;3143302;Montes Claros;1898;437601;0.5;22.7;64.4
662;2024;6;3143302;Montes Claros;572;437601;1.0;21.2;61.0
663;2024;7;3143302;Montes Claros;231;437601;0.1;20.8;54.5
664;2024;8;3143302;Montes Claros;177;437601;0.4;22.8;48.9
665;2024;9;3143302;Montes Claros;263;437601;0.0;25.4;40.1
666;2024;10;3143302;Montes Claros;280;437601;76.4;26.1;58.8
667;2024;11;3143302;Montes Claros;549;437601;282.6;23.7;75.9
668;2024;12;3143302;Montes Claros;625;437601;104.9;24.5;76.7
669;2024;12;3143302;Montes Claros;135;437601;104.9;24.5;76.7
670;2025;1;3143302;Montes Claros;716;437601;276.4;24.4;78.5
671;2025;2;3143302;Montes Claros;678;437601;7.5;25.9;59.0
672;2025;3;3143302;Montes Claros;616;437601;45.7;26.2;60.3
673;2025;4;3143302;Montes Claros;382;437601;103.5;24.8;69.2
674;2025;5;3143302;Montes Claros;379;437601;2.5;22.6;63.3
675;2025;6;3143302;Montes Claros;313;437601;4.7;21.7;59.6
676;2025;7;3143302;Montes Claros;176;437601;0.9;21.2;52.4
677;2025;8;3143302;Montes Claros;298;437601;0.0;22.7;47.4
678;2025;9;3143302;Montes Claros;286;437601;4.7;24.7;45.2
679;2025;10;3143302;Montes Claros;245;437601;54.4;25.0;51.5
681;2015;1;3154606;RibeirÃ£o das Neves;19;346971;36.6;25.4;57.1
682;2015;2;3154606;RibeirÃ£o das Neves;22;346971;175.9;23.1;73.7
683;2015;3;3154606;RibeirÃ£o das Neves;184;346971;80.7;23.1;74.2
684;2015;4;3154606;RibeirÃ£o das Neves;438;346971;46.3;21.5;75.3
685;2015;5;3154606;RibeirÃ£o das Neves;629;346971;40.3;19.3;75.6
686;2015;6;3154606;RibeirÃ£o das Neves;220;346971;7.1;18.7;71.7
687;2015;7;3154606;RibeirÃ£o das Neves;63;346971;0.2;19.4;66.9
688;2015;8;3154606;RibeirÃ£o das Neves;31;346971;2.8;20.2;59.1
689;2015;9;3154606;RibeirÃ£o das Neves;19;346971;25.7;23.8;56.4
690;2015;10;3154606;RibeirÃ£o das Neves;26;346971;28.8;25.6;51.3
691;2015;11;3154606;RibeirÃ£o das Neves;76;346971;166.5;25.0;67.1
692;2015;12;3154606;RibeirÃ£o das Neves;139;346971;102.4;24.0;73.2
693;2016;1;3154606;RibeirÃ£o das Neves;1447;346971;306.5;22.8;80.1
694;2016;2;3154606;RibeirÃ£o das Neves;4006;346971;43.3;24.4;69.1
695;2016;3;3154606;RibeirÃ£o das Neves;4087;346971;59.7;23.6;72.1
696;2016;4;3154606;RibeirÃ£o das Neves;2341;346971;47.8;23.6;62.6
697;2016;5;3154606;RibeirÃ£o das Neves;556;346971;10.7;20.2;72.6
698;2016;6;3154606;RibeirÃ£o das Neves;43;346971;12.4;18.3;72.7
699;2016;7;3154606;RibeirÃ£o das Neves;27;346971;0.0;19.4;62.1
700;2016;8;3154606;RibeirÃ£o das Neves;9;346971;5.2;20.8;56.3
701;2016;9;3154606;RibeirÃ£o das Neves;173;346971;41.2;22.6;57.6
702;2016;10;3154606;RibeirÃ£o das Neves;213;346971;41.1;23.4;62.6
703;2016;11;3154606;RibeirÃ£o das Neves;27;346971;202.1;22.1;75.6
704;2016;12;3154606;RibeirÃ£o das Neves;53;346971;233.1;22.8;76.4
705;2017;1;3154606;RibeirÃ£o das Neves;69;346971;56.9;24.1;67.3
706;2017;2;3154606;RibeirÃ£o das Neves;91;346971;119.3;23.0;74.1
707;2017;3;3154606;RibeirÃ£o das Neves;70;346971;70.9;22.9;70.4
708;2017;4;3154606;RibeirÃ£o das Neves;63;346971;24.0;21.9;71.8
709;2017;5;3154606;RibeirÃ£o das Neves;28;346971;43.9;19.6;77.0
710;2017;6;3154606;RibeirÃ£o das Neves;17;346971;10.4;18.7;72.6
711;2017;7;3154606;RibeirÃ£o das Neves;15;346971;1.8;16.6;68.6
712;2017;8;3154606;RibeirÃ£o das Neves;8;346971;1.6;19.6;59.6
713;2017;9;3154606;RibeirÃ£o das Neves;19;346971;8.7;20.3;57.9
714;2017;10;3154606;RibeirÃ£o das Neves;16;346971;53.3;23.2;60.9
715;2017;11;3154606;RibeirÃ£o das Neves;13;346971;140.0;21.6;78.0
716;2017;12;3154606;RibeirÃ£o das Neves;13;346971;182.5;22.7;79.6
717;2017;12;3154606;RibeirÃ£o das Neves;5;346971;182.5;22.7;79.6
718;2018;1;3154606;RibeirÃ£o das Neves;23;346971;163.9;23.5;70.6
719;2018;2;3154606;RibeirÃ£o das Neves;42;346971;187.2;22.3;81.3
720;2018;3;3154606;RibeirÃ£o das Neves;37;346971;140.3;22.9;80.8
721;2018;4;3154606;RibeirÃ£o das Neves;55;346971;48.3;20.7;77.8
722;2018;5;3154606;RibeirÃ£o das Neves;34;346971;29.9;19.0;73.1
723;2018;6;3154606;RibeirÃ£o das Neves;15;346971;4.4;19.1;73.6
724;2018;7;3154606;RibeirÃ£o das Neves;8;346971;2.8;18.4;67.1
725;2018;8;3154606;RibeirÃ£o das Neves;13;346971;36.5;19.3;70.7
726;2018;9;3154606;RibeirÃ£o das Neves;17;346971;61.6;21.4;66.0
727;2018;10;3154606;RibeirÃ£o das Neves;13;346971;97.4;22.9;72.3
728;2018;11;3154606;RibeirÃ£o das Neves;15;346971;219.9;21.4;80.3
729;2018;12;3154606;RibeirÃ£o das Neves;20;346971;212.9;22.6;78.6
730;2018;12;3154606;RibeirÃ£o das Neves;6;346971;212.9;22.6;78.6
731;2019;1;3154606;RibeirÃ£o das Neves;138;346971;24.5;24.5;65.4
732;2019;2;3154606;RibeirÃ£o das Neves;410;346971;160.0;23.9;75.3
733;2019;3;3154606;RibeirÃ£o das Neves;2162;346971;88.7;23.2;76.9
734;2019;4;3154606;RibeirÃ£o das Neves;3987;346971;34.6;22.7;74.9
735;2019;5;3154606;RibeirÃ£o das Neves;3049;346971;36.6;21.0;76.4
736;2019;6;3154606;RibeirÃ£o das Neves;723;346971;0.6;18.9;69.2
737;2019;7;3154606;RibeirÃ£o das Neves;31;346971;0.1;17.9;62.2
738;2019;8;3154606;RibeirÃ£o das Neves;78;346971;7.1;19.9;62.0
739;2019;9;3154606;RibeirÃ£o das Neves;51;346971;47.9;23.0;57.2
740;2019;10;3154606;RibeirÃ£o das Neves;58;346971;76.5;23.7;60.7
741;2019;11;3154606;RibeirÃ£o das Neves;52;346971;214.9;23.2;74.6
742;2019;12;3154606;RibeirÃ£o das Neves;321;346971;213.2;22.8;77.9
743;2019;12;3154606;RibeirÃ£o das Neves;8;346971;213.2;22.8;77.9
744;2020;1;3154606;RibeirÃ£o das Neves;38;346971;319.3;23.5;81.9
745;2020;2;3154606;RibeirÃ£o das Neves;71;346971;198.8;22.9;83.0
746;2020;3;3154606;RibeirÃ£o das Neves;124;346971;197.0;21.8;80.4
747;2020;4;3154606;RibeirÃ£o das Neves;87;346971;94.1;20.8;79.8
748;2020;5;3154606;RibeirÃ£o das Neves;88;346971;46.9;18.1;75.2
749;2020;6;3154606;RibeirÃ£o das Neves;54;346971;5.4;18.6;72.2
750;2020;7;3154606;RibeirÃ£o das Neves;26;346971;2.0;18.8;70.1
751;2020;8;3154606;RibeirÃ£o das Neves;22;346971;14.6;18.7;65.1
752;2020;9;3154606;RibeirÃ£o das Neves;16;346971;5.9;22.8;53.7
753;2020;10;3154606;RibeirÃ£o das Neves;16;346971;170.7;23.1;69.2
754;2020;11;3154606;RibeirÃ£o das Neves;39;346971;105.5;21.9;75.4
755;2020;12;3154606;RibeirÃ£o das Neves;32;346971;187.3;22.9;77.4
756;2021;1;3154606;RibeirÃ£o das Neves;36;346971;129.8;23.3;70.5
757;2021;2;3154606;RibeirÃ£o das Neves;50;346971;267.2;22.3;81.4
758;2021;3;3154606;RibeirÃ£o das Neves;45;346971;61.8;22.7;74.0
759;2021;4;3154606;RibeirÃ£o das Neves;26;346971;25.0;20.9;68.8
760;2021;5;3154606;RibeirÃ£o das Neves;18;346971;3.0;20.0;69.0
761;2021;6;3154606;RibeirÃ£o das Neves;8;346971;4.8;18.4;71.8
762;2021;7;3154606;RibeirÃ£o das Neves;21;346971;0.0;17.0;59.9
763;2021;8;3154606;RibeirÃ£o das Neves;7;346971;2.6;19.3;58.8
764;2021;9;3154606;RibeirÃ£o das Neves;18;346971;1.4;23.8;52.8
765;2021;10;3154606;RibeirÃ£o das Neves;21;346971;210.7;22.1;74.7
766;2021;11;3154606;RibeirÃ£o das Neves;0;346971;351.6;21.5;77.9
767;2021;12;3154606;RibeirÃ£o das Neves;1;346971;208.0;21.7;79.8
768;2022;1;3154606;RibeirÃ£o das Neves;67;346971;378.7;22.5;79.8
769;2022;2;3154606;RibeirÃ£o das Neves;45;346971;382.0;21.9;84.6
770;2022;3;3154606;RibeirÃ£o das Neves;114;346971;9.2;23.6;65.3
771;2022;4;3154606;RibeirÃ£o das Neves;189;346971;37.7;22.4;67.3
772;2022;5;3154606;RibeirÃ£o das Neves;299;346971;14.8;18.5;68.1
773;2022;6;3154606;RibeirÃ£o das Neves;128;346971;0.4;18.1;65.0
774;2022;7;3154606;RibeirÃ£o das Neves;53;346971;0.3;18.3;63.2
775;2022;8;3154606;RibeirÃ£o das Neves;41;346971;0.8;19.5;55.9
776;2022;9;3154606;RibeirÃ£o das Neves;29;346971;50.8;21.2;61.0
777;2022;10;3154606;RibeirÃ£o das Neves;47;346971;123.1;22.7;67.7
778;2022;11;3154606;RibeirÃ£o das Neves;48;346971;260.1;20.8;75.9
779;2022;12;3154606;RibeirÃ£o das Neves;55;346971;297.6;21.4;82.5
780;2023;1;3154606;RibeirÃ£o das Neves;166;346971;387.8;21.8;84.2
781;2023;2;3154606;RibeirÃ£o das Neves;389;346971;73.2;23.4;74.5
782;2023;3;3154606;RibeirÃ£o das Neves;2097;346971;41.8;23.7;65.7
783;2023;4;3154606;RibeirÃ£o das Neves;3822;346971;51.5;21.7;73.3
784;2023;5;3154606;RibeirÃ£o das Neves;1965;346971;2.3;19.0;70.7
785;2023;6;3154606;RibeirÃ£o das Neves;544;346971;10.3;17.4;71.1
786;2023;7;3154606;RibeirÃ£o das Neves;164;346971;3.8;18.6;65.7
787;2023;8;3154606;RibeirÃ£o das Neves;113;346971;24.2;20.5;62.8
788;2023;9;3154606;RibeirÃ£o das Neves;81;346971;32.0;22.8;62.4
789;2023;10;3154606;RibeirÃ£o das Neves;143;346971;134.4;23.9;72.0
790;2023;11;3154606;RibeirÃ£o das Neves;194;346971;96.3;24.9;63.7
791;2023;12;3154606;RibeirÃ£o das Neves;186;346971;154.9;24.0;73.3
792;2023;12;3154606;RibeirÃ£o das Neves;336;346971;154.9;24.0;73.3
793;2024;1;3154606;RibeirÃ£o das Neves;5456;346971;247.7;23.3;82.0
794;2024;2;3154606;RibeirÃ£o das Neves;14338;346971;206.8;22.9;79.6
795;2024;3;3154606;RibeirÃ£o das Neves;12737;346971;125.9;23.7;78.2
796;2024;4;3154606;RibeirÃ£o das Neves;4085;346971;32.5;22.5;71.4
797;2024;5;3154606;RibeirÃ£o das Neves;1538;346971;0.4;21.4;66.3
798;2024;6;3154606;RibeirÃ£o das Neves;499;346971;0.0;19.4;61.3
799;2024;7;3154606;RibeirÃ£o das Neves;118;346971;0.3;19.4;58.0
800;2024;8;3154606;RibeirÃ£o das Neves;109;346971;0.4;20.7;51.4
801;2024;9;3154606;RibeirÃ£o das Neves;170;346971;0.9;24.2;44.2
802;2024;10;3154606;RibeirÃ£o das Neves;145;346971;120.9;23.5;67.2
803;2024;11;3154606;RibeirÃ£o das Neves;242;346971;138.4;22.4;75.3
804;2024;12;3154606;RibeirÃ£o das Neves;201;346971;193.8;23.1;77.9
805;2024;12;3154606;RibeirÃ£o das Neves;48;346971;193.8;23.1;77.9
806;2025;1;3154606;RibeirÃ£o das Neves;438;346971;225.2;23.1;80.1
807;2025;2;3154606;RibeirÃ£o das Neves;673;346971;18.8;24.3;63.7
808;2025;3;3154606;RibeirÃ£o das Neves;665;346971;86.1;24.1;68.5
809;2025;4;3154606;RibeirÃ£o das Neves;476;346971;88.8;22.3;75.3
810;2025;5;3154606;RibeirÃ£o das Neves;316;346971;3.2;20.4;66.0
811;2025;6;3154606;RibeirÃ£o das Neves;212;346971;1.9;19.3;63.8
812;2025;7;3154606;RibeirÃ£o das Neves;126;346971;1.1;18.7;56.7
813;2025;8;3154606;RibeirÃ£o das Neves;153;346971;8.7;19.9;55.1
814;2025;9;3154606;RibeirÃ£o das Neves;196;346971;17.8;22.2;54.8
815;2025;10;3154606;RibeirÃ£o das Neves;150;346971;75.9;22.5;59.6
817;2015;1;3170107;Uberaba;67;356781;107.6;26.0;64.6
818;2015;2;3170107;Uberaba;183;356781;272.2;23.6;79.0
819;2015;3;3170107;Uberaba;549;356781;335.3;22.8;84.1
820;2015;4;3170107;Uberaba;1132;356781;81.2;22.9;78.4
821;2015;5;3170107;Uberaba;1251;356781;88.5;20.7;76.1
822;2015;6;3170107;Uberaba;436;356781;27.0;20.4;69.8
823;2015;7;3170107;Uberaba;137;356781;11.5;21.4;63.4
824;2015;8;3170107;Uberaba;92;356781;4.5;22.8;46.4
825;2015;9;3170107;Uberaba;55;356781;101.4;25.0;55.4
826;2015;10;3170107;Uberaba;107;356781;88.1;27.8;50.5
827;2015;11;3170107;Uberaba;371;356781;193.0;25.1;77.0
828;2015;12;3170107;Uberaba;336;356781;268.7;24.6;77.4
829;2016;1;3170107;Uberaba;1674;356781;361.4;23.6;83.6
830;2016;2;3170107;Uberaba;3240;356781;173.4;24.8;78.4
831;2016;3;3170107;Uberaba;3122;356781;234.1;24.1;79.0
832;2016;4;3170107;Uberaba;2074;356781;13.3;24.5;59.7
833;2016;5;3170107;Uberaba;712;356781;8.2;22.2;65.9
834;2016;6;3170107;Uberaba;131;356781;46.1;19.6;68.1
835;2016;7;3170107;Uberaba;93;356781;0.0;21.7;48.6
836;2016;8;3170107;Uberaba;64;356781;19.6;22.9;49.2
837;2016;9;3170107;Uberaba;64;356781;1.8;25.4;45.4
838;2016;10;3170107;Uberaba;138;356781;148.1;24.7;64.9
839;2016;11;3170107;Uberaba;171;356781;287.2;23.3;77.3
840;2016;12;3170107;Uberaba;211;356781;318.8;24.1;77.7
841;2017;1;3170107;Uberaba;211;356781;209.6;24.1;77.2
842;2017;2;3170107;Uberaba;185;356781;88.3;24.2;73.1
843;2017;3;3170107;Uberaba;283;356781;87.2;24.1;72.4
844;2017;4;3170107;Uberaba;277;356781;80.7;23.3;71.0
845;2017;5;3170107;Uberaba;126;356781;34.8;22.1;70.2
846;2017;6;3170107;Uberaba;90;356781;6.5;20.3;63.2
847;2017;7;3170107;Uberaba;52;356781;0.3;19.1;53.4
848;2017;8;3170107;Uberaba;66;356781;3.8;23.0;46.8
849;2017;9;3170107;Uberaba;114;356781;27.5;25.0;35.5
850;2017;10;3170107;Uberaba;146;356781;86.6;25.9;52.5
851;2017;11;3170107;Uberaba;127;356781;206.5;23.6;73.3
852;2017;12;3170107;Uberaba;118;356781;174.1;23.7;78.0
853;2017;12;3170107;Uberaba;61;356781;174.1;23.7;78.0
854;2018;1;3170107;Uberaba;305;356781;196.2;24.0;75.4
855;2018;2;3170107;Uberaba;389;356781;143.6;23.4;78.9
856;2018;3;3170107;Uberaba;486;356781;78.3;24.7;74.0
857;2018;4;3170107;Uberaba;709;356781;47.6;22.4;70.7
858;2018;5;3170107;Uberaba;436;356781;17.6;21.1;60.9
859;2018;6;3170107;Uberaba;280;356781;2.5;21.8;60.3
860;2018;7;3170107;Uberaba;185;356781;3.6;21.3;49.8
861;2018;8;3170107;Uberaba;80;356781;17.6;22.0;54.7
862;2018;9;3170107;Uberaba;132;356781;46.9;24.0;53.3
863;2018;10;3170107;Uberaba;137;356781;96.3;24.7;71.1
864;2018;11;3170107;Uberaba;144;356781;306.9;23.1;78.3
865;2018;12;3170107;Uberaba;207;356781;191.5;24.3;74.3
866;2018;12;3170107;Uberaba;92;356781;191.5;24.3;74.3
867;2019;1;3170107;Uberaba;642;356781;78.6;25.3;68.6
868;2019;2;3170107;Uberaba;1305;356781;220.5;24.2;77.6
869;2019;3;3170107;Uberaba;2523;356781;179.9;23.7;78.8
870;2019;4;3170107;Uberaba;2973;356781;115.6;23.1;76.0
871;2019;5;3170107;Uberaba;3052;356781;31.1;21.8;72.1
872;2019;6;3170107;Uberaba;1754;356781;0.2;20.4;59.2
873;2019;7;3170107;Uberaba;485;356781;6.1;19.8;54.1
874;2019;8;3170107;Uberaba;251;356781;5.2;22.0;52.9
875;2019;9;3170107;Uberaba;311;356781;36.7;26.5;43.4
876;2019;10;3170107;Uberaba;262;356781;73.9;25.5;58.9
877;2019;11;3170107;Uberaba;224;356781;177.6;24.7;73.6
878;2019;12;3170107;Uberaba;286;356781;202.6;23.9;78.2
879;2019;12;3170107;Uberaba;51;356781;202.6;23.9;78.2
880;2020;1;3170107;Uberaba;624;356781;332.1;24.2;81.3
881;2020;2;3170107;Uberaba;810;356781;352.5;23.5;83.3
882;2020;3;3170107;Uberaba;899;356781;99.8;23.5;74.3
883;2020;4;3170107;Uberaba;588;356781;52.1;22.7;69.6
884;2020;5;3170107;Uberaba;593;356781;22.5;19.5;65.8
885;2020;6;3170107;Uberaba;324;356781;1.7;21.2;61.4
886;2020;7;3170107;Uberaba;271;356781;0.3;21.6;49.7
887;2020;8;3170107;Uberaba;280;356781;3.4;22.6;42.7
888;2020;9;3170107;Uberaba;275;356781;26.1;26.1;38.0
889;2020;10;3170107;Uberaba;192;356781;171.1;25.9;58.8
890;2020;11;3170107;Uberaba;239;356781;89.2;23.9;65.3
891;2020;12;3170107;Uberaba;170;356781;267.3;23.8;79.2
892;2021;1;3170107;Uberaba;534;356781;158.7;24.4;72.8
893;2021;2;3170107;Uberaba;411;356781;112.4;23.6;76.8
894;2021;3;3170107;Uberaba;378;356781;71.6;24.0;71.1
895;2021;4;3170107;Uberaba;310;356781;29.4;22.4;61.4
896;2021;5;3170107;Uberaba;267;356781;10.1;21.5;60.4
897;2021;6;3170107;Uberaba;156;356781;5.4;20.2;61.8
898;2021;7;3170107;Uberaba;112;356781;0.6;19.4;41.7
899;2021;8;3170107;Uberaba;154;356781;0.7;23.5;38.1
900;2021;9;3170107;Uberaba;138;356781;2.1;27.7;36.0
901;2021;10;3170107;Uberaba;103;356781;215.5;24.0;70.8
902;2021;11;3170107;Uberaba;99;356781;190.4;24.0;69.8
903;2021;12;3170107;Uberaba;33;356781;179.3;23.5;74.9
904;2022;1;3170107;Uberaba;219;356781;253.2;23.3;78.7
905;2022;2;3170107;Uberaba;236;356781;211.5;23.3;78.9
906;2022;3;3170107;Uberaba;510;356781;133.8;24.5;68.9
907;2022;4;3170107;Uberaba;1925;356781;72.4;23.6;65.6
908;2022;5;3170107;Uberaba;2514;356781;43.9;19.6;64.4
909;2022;6;3170107;Uberaba;1145;356781;3.9;20.0;61.0
910;2022;7;3170107;Uberaba;1040;356781;0.0;21.6;44.8
911;2022;8;3170107;Uberaba;613;356781;6.7;22.3;43.3
912;2022;9;3170107;Uberaba;539;356781;90.4;24.1;51.4
913;2022;10;3170107;Uberaba;533;356781;83.6;24.5;61.3
914;2022;11;3170107;Uberaba;275;356781;112.4;22.8;69.0
915;2022;12;3170107;Uberaba;414;356781;294.8;22.9;79.0
916;2023;1;3170107;Uberaba;2278;356781;376.3;22.7;82.0
917;2023;2;3170107;Uberaba;3633;356781;154.9;23.7;78.3
918;2023;3;3170107;Uberaba;7454;356781;147.1;23.6;74.9
919;2023;4;3170107;Uberaba;9548;356781;150.7;21.9;77.3
920;2023;5;3170107;Uberaba;4625;356781;19.1;20.5;62.1
921;2023;6;3170107;Uberaba;1857;356781;4.4;19.1;63.3
922;2023;7;3170107;Uberaba;944;356781;5.4;20.7;53.2
923;2023;8;3170107;Uberaba;644;356781;20.1;23.1;49.9
924;2023;9;3170107;Uberaba;597;356781;41.6;26.2;50.5
925;2023;10;3170107;Uberaba;641;356781;144.4;26.1;65.0
926;2023;11;3170107;Uberaba;657;356781;109.9;26.5;57.7
927;2023;12;3170107;Uberaba;341;356781;156.9;25.8;67.8
928;2023;12;3170107;Uberaba;228;356781;156.9;25.8;67.8
929;2024;1;3170107;Uberaba;1678;356781;211.9;24.1;76.7
930;2024;2;3170107;Uberaba;4311;356781;112.5;24.2;75.0
931;2024;3;3170107;Uberaba;4557;356781;289.0;24.4;79.0
932;2024;4;3170107;Uberaba;4895;356781;25.4;24.0;68.4
933;2024;5;3170107;Uberaba;4095;356781;2.8;22.2;60.3
934;2024;6;3170107;Uberaba;2702;356781;0.0;21.0;52.5
935;2024;7;3170107;Uberaba;1028;356781;0.5;21.5;46.2
936;2024;8;3170107;Uberaba;722;356781;1.1;22.2;41.1
937;2024;9;3170107;Uberaba;851;356781;2.1;27.5;30.8
938;2024;10;3170107;Uberaba;640;356781;204.6;25.8;61.1
939;2024;11;3170107;Uberaba;737;356781;190.1;23.8;75.0
940;2024;12;3170107;Uberaba;1102;356781;300.0;23.9;78.9
941;2024;12;3170107;Uberaba;394;356781;300.0;23.9;78.9
942;2025;1;3170107;Uberaba;2793;356781;183.5;24.0;78.1
943;2025;2;3170107;Uberaba;4541;356781;121.8;24.8;69.3
944;2025;3;3170107;Uberaba;7797;356781;92.6;25.2;65.2
945;2025;4;3170107;Uberaba;4039;356781;130.6;23.1;77.2
946;2025;5;3170107;Uberaba;3593;356781;10.3;21.1;64.7
947;2025;6;3170107;Uberaba;1560;356781;30.0;20.2;63.1
948;2025;7;3170107;Uberaba;408;356781;2.0;20.4;50.9
949;2025;8;3170107;Uberaba;278;356781;16.2;22.2;42.2
950;2025;9;3170107;Uberaba;318;356781;25.0;25.0;43.4
951;2025;10;3170107;Uberaba;325;356781;128.6;24.3;56.2
953;2015;1;3170206;UberlÃ¢ndia;422;761835;90.1;25.1;64.6
954;2015;2;3170206;UberlÃ¢ndia;1157;761835;204.2;22.8;79.4
955;2015;3;3170206;UberlÃ¢ndia;4182;761835;198.4;22.2;84.3
956;2015;4;3170206;UberlÃ¢ndia;5826;761835;75.0;22.2;80.9
957;2015;5;3170206;UberlÃ¢ndia;5998;761835;69.2;20.0;77.7
958;2015;6;3170206;UberlÃ¢ndia;1229;761835;14.4;19.6;69.9
959;2015;7;3170206;UberlÃ¢ndia;300;761835;6.9;20.4;63.8
960;2015;8;3170206;UberlÃ¢ndia;131;761835;0.7;21.8;47.3
961;2015;9;3170206;UberlÃ¢ndia;73;761835;59.6;24.7;52.5
962;2015;10;3170206;UberlÃ¢ndia;83;761835;56.3;27.4;48.3
963;2015;11;3170206;UberlÃ¢ndia;230;761835;135.9;24.7;74.7
964;2015;12;3170206;UberlÃ¢ndia;255;761835;168.8;24.1;75.8
965;2016;1;3170206;UberlÃ¢ndia;751;761835;430.1;22.6;86.1
966;2016;2;3170206;UberlÃ¢ndia;2179;761835;111.0;24.0;78.8
967;2016;3;3170206;UberlÃ¢ndia;2759;761835;156.8;23.4;79.5
968;2016;4;3170206;UberlÃ¢ndia;3522;761835;14.6;23.6;61.7
969;2016;5;3170206;UberlÃ¢ndia;2286;761835;6.9;22.0;63.9
970;2016;6;3170206;UberlÃ¢ndia;477;761835;15.5;19.7;62.6
971;2016;7;3170206;UberlÃ¢ndia;223;761835;0.0;20.7;49.3
972;2016;8;3170206;UberlÃ¢ndia;118;761835;10.8;22.0;50.0
973;2016;9;3170206;UberlÃ¢ndia;127;761835;4.2;25.0;44.4
974;2016;10;3170206;UberlÃ¢ndia;123;761835;233.1;23.9;64.8
975;2016;11;3170206;UberlÃ¢ndia;181;761835;234.0;22.6;78.2
976;2016;12;3170206;UberlÃ¢ndia;243;761835;240.6;23.3;78.7
977;2017;1;3170206;UberlÃ¢ndia;414;761835;152.1;23.3;78.5
978;2017;2;3170206;UberlÃ¢ndia;446;761835;87.0;23.1;77.3
979;2017;3;3170206;UberlÃ¢ndia;570;761835;70.0;23.2;74.9
980;2017;4;3170206;UberlÃ¢ndia;765;761835;61.6;22.5;73.4
981;2017;5;3170206;UberlÃ¢ndia;489;761835;22.7;21.2;72.0
982;2017;6;3170206;UberlÃ¢ndia;267;761835;1.7;19.7;63.8
983;2017;7;3170206;UberlÃ¢ndia;198;761835;0.0;18.2;55.4
984;2017;8;3170206;UberlÃ¢ndia;214;761835;0.4;21.9;48.4
985;2017;9;3170206;UberlÃ¢ndia;146;761835;24.3;23.1;41.2
986;2017;10;3170206;UberlÃ¢ndia;107;761835;81.5;24.8;53.9
987;2017;11;3170206;UberlÃ¢ndia;104;761835;172.3;22.4;77.9
988;2017;12;3170206;UberlÃ¢ndia;187;761835;143.7;22.7;81.7
989;2017;12;3170206;UberlÃ¢ndia;120;761835;143.7;22.7;81.7
990;2018;1;3170206;UberlÃ¢ndia;270;761835;166.6;23.0;76.8
991;2018;2;3170206;UberlÃ¢ndia;292;761835;159.8;22.5;81.6
992;2018;3;3170206;UberlÃ¢ndia;323;761835;80.8;23.6;77.6
993;2018;4;3170206;UberlÃ¢ndia;935;761835;44.6;21.7;73.7
994;2018;5;3170206;UberlÃ¢ndia;768;761835;14.7;20.0;65.4
995;2018;6;3170206;UberlÃ¢ndia;332;761835;1.0;20.5;63.7
996;2018;7;3170206;UberlÃ¢ndia;209;761835;0.0;19.8;54.5
997;2018;8;3170206;UberlÃ¢ndia;84;761835;7.0;21.2;55.9
998;2018;9;3170206;UberlÃ¢ndia;146;761835;30.6;23.0;54.1
999;2018;10;3170206;UberlÃ¢ndia;180;761835;128.7;24.1;71.6
1000;2018;11;3170206;UberlÃ¢ndia;266;761835;258.4;22.0;82.7
1001;2018;12;3170206;UberlÃ¢ndia;532;761835;160.5;23.3;77.3
1002;2018;12;3170206;UberlÃ¢ndia;249;761835;160.5;23.3;77.3
1003;2019;1;3170206;UberlÃ¢ndia;2543;761835;45.6;24.6;68.2
1004;2019;2;3170206;UberlÃ¢ndia;6869;761835;188.7;23.6;78.7
1005;2019;3;3170206;UberlÃ¢ndia;11626;761835;137.0;22.9;81.1
1006;2019;4;3170206;UberlÃ¢ndia;8280;761835;100.1;22.3;78.3
1007;2019;5;3170206;UberlÃ¢ndia;4029;761835;20.9;21.6;71.2
1008;2019;6;3170206;UberlÃ¢ndia;972;761835;0.0;19.8;59.9
1009;2019;7;3170206;UberlÃ¢ndia;270;761835;0.8;19.3;53.2
1010;2019;8;3170206;UberlÃ¢ndia;154;761835;2.9;21.8;50.3
1011;2019;9;3170206;UberlÃ¢ndia;380;761835;35.1;25.8;42.2
1012;2019;10;3170206;UberlÃ¢ndia;181;761835;54.6;24.9;57.8
1013;2019;11;3170206;UberlÃ¢ndia;195;761835;188.1;24.1;74.1
1014;2019;12;3170206;UberlÃ¢ndia;253;761835;233.2;22.9;81.4
1015;2019;12;3170206;UberlÃ¢ndia;64;761835;233.2;22.9;81.4
1016;2020;1;3170206;UberlÃ¢ndia;595;761835;369.6;23.3;84.4
1017;2020;2;3170206;UberlÃ¢ndia;664;761835;228.2;22.5;86.6
1018;2020;3;3170206;UberlÃ¢ndia;799;761835;113.1;22.6;78.4
1019;2020;4;3170206;UberlÃ¢ndia;326;761835;43.8;21.9;72.8
1020;2020;5;3170206;UberlÃ¢ndia;493;761835;17.1;18.9;67.5
1021;2020;6;3170206;UberlÃ¢ndia;454;761835;1.1;20.2;63.4
1022;2020;7;3170206;UberlÃ¢ndia;301;761835;0.0;20.6;52.3
1023;2020;8;3170206;UberlÃ¢ndia;277;761835;2.2;21.5;45.5
1024;2020;9;3170206;UberlÃ¢ndia;253;761835;15.0;25.1;37.7
1025;2020;10;3170206;UberlÃ¢ndia;224;761835;147.6;25.5;57.9
1026;2020;11;3170206;UberlÃ¢ndia;216;761835;78.9;23.6;63.0
1027;2020;12;3170206;UberlÃ¢ndia;224;761835;205.3;23.6;76.7
1028;2021;1;3170206;UberlÃ¢ndia;355;761835;129.2;23.8;71.8
1029;2021;2;3170206;UberlÃ¢ndia;225;761835;209.5;22.7;80.3
1030;2021;3;3170206;UberlÃ¢ndia;184;761835;59.2;23.1;72.9
1031;2021;4;3170206;UberlÃ¢ndia;190;761835;22.2;22.3;58.9
1032;2021;5;3170206;UberlÃ¢ndia;173;761835;6.4;21.4;57.6
1033;2021;6;3170206;UberlÃ¢ndia;135;761835;4.1;20.2;57.8
1034;2021;7;3170206;UberlÃ¢ndia;127;761835;0.4;18.9;41.7
1035;2021;8;3170206;UberlÃ¢ndia;174;761835;2.4;22.6;39.1
1036;2021;9;3170206;UberlÃ¢ndia;153;761835;8.5;26.8;35.8
1037;2021;10;3170206;UberlÃ¢ndia;293;761835;160.7;23.6;70.0
1038;2021;11;3170206;UberlÃ¢ndia;224;761835;177.0;23.0;73.0
1039;2021;12;3170206;UberlÃ¢ndia;112;761835;166.3;22.9;76.5
1040;2022;1;3170206;UberlÃ¢ndia;393;761835;210.3;22.5;80.8
1041;2022;2;3170206;UberlÃ¢ndia;629;761835;185.0;22.3;82.1
1042;2022;3;3170206;UberlÃ¢ndia;1290;761835;73.3;23.5;70.7
1043;2022;4;3170206;UberlÃ¢ndia;2201;761835;27.6;23.2;64.1
1044;2022;5;3170206;UberlÃ¢ndia;2282;761835;23.6;19.2;63.1
1045;2022;6;3170206;UberlÃ¢ndia;1034;761835;6.5;19.6;59.6
1046;2022;7;3170206;UberlÃ¢ndia;420;761835;0.0;20.3;47.9
1047;2022;8;3170206;UberlÃ¢ndia;329;761835;13.4;21.4;44.4
1048;2022;9;3170206;UberlÃ¢ndia;459;761835;78.7;23.9;48.6
1049;2022;10;3170206;UberlÃ¢ndia;467;761835;85.3;24.0;60.5
1050;2022;11;3170206;UberlÃ¢ndia;535;761835;118.0;22.3;69.1
1051;2022;12;3170206;UberlÃ¢ndia;506;761835;343.0;22.1;81.4
1052;2023;1;3170206;UberlÃ¢ndia;1757;761835;320.1;21.8;84.7
1053;2023;2;3170206;UberlÃ¢ndia;4260;761835;77.4;23.1;78.7
1054;2023;3;3170206;UberlÃ¢ndia;8743;761835;71.4;23.0;74.3
1055;2023;4;3170206;UberlÃ¢ndia;10851;761835;109.9;21.6;77.5
1056;2023;5;3170206;UberlÃ¢ndia;6125;761835;10.7;20.2;60.1
1057;2023;6;3170206;UberlÃ¢ndia;1807;761835;6.6;18.7;61.3
1058;2023;7;3170206;UberlÃ¢ndia;1007;761835;3.3;20.4;51.7
1059;2023;8;3170206;UberlÃ¢ndia;568;761835;33.3;22.6;49.4
1060;2023;9;3170206;UberlÃ¢ndia;502;761835;26.6;25.8;49.9
1061;2023;10;3170206;UberlÃ¢ndia;683;761835;131.1;25.8;64.1
1062;2023;11;3170206;UberlÃ¢ndia;535;761835;70.4;26.0;58.1
1063;2023;12;3170206;UberlÃ¢ndia;393;761835;126.0;25.0;69.7
1064;2023;12;3170206;UberlÃ¢ndia;366;761835;126.0;25.0;69.7
1065;2024;1;3170206;UberlÃ¢ndia;4558;761835;192.3;23.6;77.4
1066;2024;2;3170206;UberlÃ¢ndia;9306;761835;132.4;23.4;77.1
1067;2024;3;3170206;UberlÃ¢ndia;8425;761835;206.9;23.9;79.5
1068;2024;4;3170206;UberlÃ¢ndia;3311;761835;26.0;23.3;70.6
1069;2024;5;3170206;UberlÃ¢ndia;2829;761835;1.8;22.1;58.7
1070;2024;6;3170206;UberlÃ¢ndia;1151;761835;0.2;20.5;52.9
1071;2024;7;3170206;UberlÃ¢ndia;426;761835;0.0;21.0;45.1
1072;2024;8;3170206;UberlÃ¢ndia;239;761835;0.0;21.9;39.3
1073;2024;9;3170206;UberlÃ¢ndia;514;761835;10.9;26.5;31.2
1074;2024;10;3170206;UberlÃ¢ndia;373;761835;183.4;24.9;64.6
1075;2024;11;3170206;UberlÃ¢ndia;597;761835;210.2;23.0;78.2
1076;2024;12;3170206;UberlÃ¢ndia;1114;761835;249.4;23.3;79.4
1077;2024;12;3170206;UberlÃ¢ndia;358;761835;249.4;23.3;79.4
1078;2025;1;3170206;UberlÃ¢ndia;3771;761835;204.7;23.4;79.9
1079;2025;2;3170206;UberlÃ¢ndia;5935;761835;99.7;24.5;67.8
1080;2025;3;3170206;UberlÃ¢ndia;7380;761835;96.4;24.7;66.4
1081;2025;4;3170206;UberlÃ¢ndia;4884;761835;132.5;22.8;78.1
1082;2025;5;3170206;UberlÃ¢ndia;3946;761835;1.6;21.2;62.6
1083;2025;6;3170206;UberlÃ¢ndia;1773;761835;17.9;20.3;60.5
1084;2025;7;3170206;UberlÃ¢ndia;529;761835;1.7;20.3;49.3
1085;2025;8;3170206;UberlÃ¢ndia;700;761835;9.2;22.2;39.4
1086;2025;9;3170206;UberlÃ¢ndia;863;761835;44.1;24.9;42.1
1087;2025;10;3170206;UberlÃ¢ndia;684;761835;87.9;24.2;54.5
